2026/09/29 14:58:25.788, 0, NVIDIA GeForce RTX 3060, 00000000:17:00.0, 12288, 34, 46, 55, 9.66, 170.00, 210, 405, 0, 1, 16
2026/09/29 14:58:25.809, 1, NVIDIA GeForce RTX 3060, 00000000:65:00.0, 12288, 875, 49, 0, 12.38, 170.00, 247, 405, 23, 1, 16
2026/09/29 14:58:27.878, 0, NVIDIA GeForce RTX 3060, 00000000:17:00.0, 12288, 10651, 59, 54, 43.37, 170.00, 1777, 7301, 100, 3, 16
2026/09/29 14:58:27.893, 1, NVIDIA GeForce RTX 3060, 00000000:65:00.0, 12288, 10724, 64, 0, 82.84, 170.00, 1792, 7301, 100, 3, 16
2026/09/29 14:58:29.943, 0, NVIDIA GeForce RTX 3060, 00000000:17:00.0, 12288, 10651, 64, 53, 169.03, 170.00, 1747, 7301, 100, 3, 16
2026/09/29 14:58:29.957, 1, NVIDIA GeForce RTX 3060, 00000000:65:00.0, 12288, 10724, 67, 52, 169.93, 170.00, 1800, 7301, 100, 3, 16
2026/09/29 14:58:32.008, 0, NVIDIA GeForce RTX 3060, 00000000:17:00.0, 12288, 10651, 66, 56, 169.48, 170.00, 1732, 7301, 100, 3, 16
2026/09/29 14:58:32.021, 1, NVIDIA GeForce RTX 3060, 00000000:65:00.0, 12288, 10724, 68, 60, 169.80, 170.00, 1762, 7301, 100, 3, 16
2026/09/29 14:58:34.065, 0, NVIDIA GeForce RTX 3060, 00000000:17:00.0, 12288, 10651, 68, 62, 169.41, 170.00, 1740, 7301, 100, 3, 16
2026/09/29 14:58:34.078, 1, NVIDIA GeForce RTX 3060, 00000000:65:00.0, 12288, 10724, 69, 67, 170.05, 170.00, 1762, 7301, 100, 3, 16
2026/09/29 14:58:36.125, 0, NVIDIA GeForce RTX 3060, 00000000:17:00.0, 12288, 10651, 68, 66, 168.77, 170.00, 1747, 7301, 100, 3, 16
2026/09/29 14:58:36.138, 1, NVIDIA GeForce RTX 3060, 00000000:65:00.0, 12288, 10724, 70, 71, 169.41, 170.00, 1755, 7301, 100, 3, 16
2026/09/29 14:58:38.185, 0, NVIDIA GeForce RTX 3060, 00000000:17:00.0, 12288, 10651, 69, 69, 169.79, 170.00, 1747, 7301, 100, 3, 16
2026/09/29 14:58:38.197, 1, NVIDIA GeForce RTX 3060, 00000000:65:00.0, 12288, 10724, 70, 73, 169.41, 170.00, 1755, 7301, 100, 3, 16
2026/09/29 14:58:40.249, 0, NVIDIA GeForce RTX 3060, 00000000:17:00.0, 12288, 10651, 70, 70, 169.79, 170.00, 1732, 7301, 100, 3, 16
2026/09/29 14:58:40.268, 1, NVIDIA GeForce RTX 3060, 00000000:65:00.0, 12288, 10724, 70, 74, 169.43, 170.00, 1747, 7301, 100, 3, 16
2026/09/29 14:58:42.318, 0, NVIDIA GeForce RTX 3060, 00000000:17:00.0, 12288, 10651, 70, 71, 169.60, 170.00, 1732, 7301, 100, 3, 16
2026/09/29 14:58:42.329, 1, NVIDIA GeForce RTX 3060, 00000000:65:00.0, 12288, 10724, 71, 74, 169.55, 170.00, 1762, 7301, 100, 3, 16
2026/09/29 14:58:44.374, 0, NVIDIA GeForce RTX 3060, 00000000:17:00.0, 12288, 10651, 71, 72, 169.70, 170.00, 1747, 7301, 100, 3, 16
2026/09/29 14:58:44.386, 1, NVIDIA GeForce RTX 3060, 00000000:65:00.0, 12288, 10724, 71, 75, 169.52, 170.00, 1747, 7301, 100, 3, 16
2026/09/29 14:58:46.429, 0, NVIDIA GeForce RTX 3060, 00000000:17:00.0, 12288, 10651, 71, 72, 169.98, 170.00, 1732, 7301, 100, 3, 16
2026/09/29 14:58:46.442, 1, NVIDIA GeForce RTX 3060, 00000000:65:00.0, 12288, 10724, 72, 75, 169.66, 170.00, 1762, 7301, 100, 3, 16
2026/09/29 14:58:48.490, 0, NVIDIA GeForce RTX 3060, 00000000:17:00.0, 12288, 10651, 72, 73, 169.64, 170.00, 1732, 7301, 100, 3, 16
2026/09/29 14:58:48.504, 1, NVIDIA GeForce RTX 3060, 00000000:65:00.0, 12288, 10724, 72, 76, 169.70, 170.00, 1762, 7301, 100, 3, 16
2026/09/29 14:58:50.550, 0, NVIDIA GeForce RTX 3060, 00000000:17:00.0, 12288, 10651, 72, 74, 169.68, 170.00, 1732, 7301, 100, 3, 16
2026/09/29 14:58:50.563, 1, NVIDIA GeForce RTX 3060, 00000000:65:00.0, 12288, 10724, 73, 76, 169.72, 170.00, 1747, 7301, 100, 3, 16
2026/09/29 14:58:52.604, 0, NVIDIA GeForce RTX 3060, 00000000:17:00.0, 12288, 10651, 72, 74, 169.97, 170.00, 1747, 7301, 100, 3, 16
2026/09/29 14:58:52.615, 1, NVIDIA GeForce RTX 3060, 00000000:65:00.0, 12288, 10724, 73, 77, 169.56, 170.00, 1702, 7301, 100, 3, 16
2026/09/29 14:58:54.655, 0, NVIDIA GeForce RTX 3060, 00000000:17:00.0, 12288, 10651, 72, 75, 169.76, 170.00, 1702, 7301, 100, 3, 16
2026/09/29 14:58:54.667, 1, NVIDIA GeForce RTX 3060, 00000000:65:00.0, 12288, 10724, 74, 77, 169.53, 170.00, 1762, 7301, 100, 3, 16
2026/09/29 14:58:56.716, 0, NVIDIA GeForce RTX 3060, 00000000:17:00.0, 12288, 10651, 72, 76, 169.81, 170.00, 1732, 7301, 100, 3, 16
2026/09/29 14:58:56.730, 1, NVIDIA GeForce RTX 3060, 00000000:65:00.0, 12288, 10724, 74, 77, 169.71, 170.00, 1747, 7301, 100, 3, 16
2026/09/29 14:58:58.776, 0, NVIDIA GeForce RTX 3060, 00000000:17:00.0, 12288, 10651, 73, 76, 169.60, 170.00, 1717, 7301, 100, 3, 16
2026/09/29 14:58:58.795, 1, NVIDIA GeForce RTX 3060, 00000000:65:00.0, 12288, 10724, 75, 78, 169.60, 170.00, 1747, 7301, 100, 3, 16
2026/09/29 14:59:00.841, 0, NVIDIA GeForce RTX 3060, 00000000:17:00.0, 12288, 10651, 73, 77, 169.67, 170.00, 1747, 7301, 100, 3, 16
2026/09/29 14:59:00.854, 1, NVIDIA GeForce RTX 3060, 00000000:65:00.0, 12288, 10724, 75, 78, 169.71, 170.00, 1755, 7301, 100, 3, 16
2026/09/29 14:59:02.902, 0, NVIDIA GeForce RTX 3060, 00000000:17:00.0, 12288, 10651, 73, 77, 169.82, 170.00, 1710, 7301, 100, 3, 16
2026/09/29 14:59:02.916, 1, NVIDIA GeForce RTX 3060, 00000000:65:00.0, 12288, 10724, 75, 79, 169.68, 170.00, 1740, 7301, 100, 3, 16
2026/09/29 14:59:04.964, 0, NVIDIA GeForce RTX 3060, 00000000:17:00.0, 12288, 10651, 73, 77, 169.77, 170.00, 1717, 7301, 100, 3, 16
2026/09/29 14:59:04.977, 1, NVIDIA GeForce RTX 3060, 00000000:65:00.0, 12288, 10724, 75, 79, 169.45, 170.00, 1740, 7301, 100, 3, 16
2026/09/29 14:59:07.020, 0, NVIDIA GeForce RTX 3060, 00000000:17:00.0, 12288, 10651, 73, 78, 169.70, 170.00, 1822, 7301, 100, 3, 16
2026/09/29 14:59:07.032, 1, NVIDIA GeForce RTX 3060, 00000000:65:00.0, 12288, 10724, 76, 79, 169.87, 170.00, 1740, 7301, 100, 3, 16
2026/09/29 14:59:09.084, 0, NVIDIA GeForce RTX 3060, 00000000:17:00.0, 12288, 10651, 73, 78, 169.38, 170.00, 1725, 7301, 100, 3, 16
2026/09/29 14:59:09.096, 1, NVIDIA GeForce RTX 3060, 00000000:65:00.0, 12288, 10724, 76, 80, 169.66, 170.00, 1732, 7301, 100, 3, 16
2026/09/29 14:59:11.145, 0, NVIDIA GeForce RTX 3060, 00000000:17:00.0, 12288, 10651, 73, 78, 170.00, 170.00, 1732, 7301, 100, 3, 16
2026/09/29 14:59:11.158, 1, NVIDIA GeForce RTX 3060, 00000000:65:00.0, 12288, 10724, 76, 80, 169.70, 170.00, 1725, 7301, 100, 3, 16
2026/09/29 14:59:13.198, 0, NVIDIA GeForce RTX 3060, 00000000:17:00.0, 12288, 10651, 73, 79, 169.87, 170.00, 1725, 7301, 100, 3, 16
2026/09/29 14:59:13.209, 1, NVIDIA GeForce RTX 3060, 00000000:65:00.0, 12288, 10726, 77, 81, 169.45, 170.00, 1725, 7301, 100, 3, 16
2026/09/29 14:59:15.254, 0, NVIDIA GeForce RTX 3060, 00000000:17:00.0, 12288, 10651, 73, 79, 170.00, 170.00, 1740, 7301, 100, 3, 16
2026/09/29 14:59:15.267, 1, NVIDIA GeForce RTX 3060, 00000000:65:00.0, 12288, 10724, 77, 81, 169.54, 170.00, 1725, 7301, 100, 3, 16
2026/09/29 14:59:17.312, 0, NVIDIA GeForce RTX 3060, 00000000:17:00.0, 12288, 10651, 74, 79, 169.39, 170.00, 1725, 7301, 100, 3, 16
2026/09/29 14:59:17.324, 1, NVIDIA GeForce RTX 3060, 00000000:65:00.0, 12288, 10724, 77, 81, 169.58, 170.00, 1747, 7301, 100, 3, 16
2026/09/29 14:59:19.370, 0, NVIDIA GeForce RTX 3060, 00000000:17:00.0, 12288, 10651, 74, 79, 169.89, 170.00, 1740, 7301, 100, 3, 16
2026/09/29 14:59:19.383, 1, NVIDIA GeForce RTX 3060, 00000000:65:00.0, 12288, 10724, 78, 81, 169.79, 170.00, 1740, 7301, 100, 3, 16
2026/09/29 14:59:21.428, 0, NVIDIA GeForce RTX 3060, 00000000:17:00.0, 12288, 10651, 74, 79, 170.57, 170.00, 1725, 7301, 100, 3, 16
2026/09/29 14:59:21.442, 1, NVIDIA GeForce RTX 3060, 00000000:65:00.0, 12288, 10724, 78, 82, 169.53, 170.00, 1717, 7301, 100, 3, 16
2026/09/29 14:59:23.490, 0, NVIDIA GeForce RTX 3060, 00000000:17:00.0, 12288, 10651, 74, 79, 169.70, 170.00, 1725, 7301, 100, 3, 16
2026/09/29 14:59:23.502, 1, NVIDIA GeForce RTX 3060, 00000000:65:00.0, 12288, 10724, 78, 82, 169.39, 170.00, 1717, 7301, 100, 3, 16
2026/09/29 14:59:25.545, 0, NVIDIA GeForce RTX 3060, 00000000:17:00.0, 12288, 10651, 73, 80, 169.89, 170.00, 1717, 7301, 100, 3, 16
2026/09/29 14:59:25.557, 1, NVIDIA GeForce RTX 3060, 00000000:65:00.0, 12288, 10724, 78, 82, 169.34, 170.00, 1732, 7301, 100, 3, 16
2026/09/29 14:59:27.601, 0, NVIDIA GeForce RTX 3060, 00000000:17:00.0, 12288, 10651, 74, 80, 169.75, 170.00, 1710, 7301, 100, 3, 16
2026/09/29 14:59:27.620, 1, NVIDIA GeForce RTX 3060, 00000000:65:00.0, 12288, 10724, 78, 83, 169.66, 170.00, 1740, 7301, 100, 3, 16
2026/09/29 14:59:29.663, 0, NVIDIA GeForce RTX 3060, 00000000:17:00.0, 12288, 10651, 74, 80, 169.83, 170.00, 1725, 7301, 100, 3, 16
2026/09/29 14:59:29.675, 1, NVIDIA GeForce RTX 3060, 00000000:65:00.0, 12288, 10724, 79, 83, 169.78, 170.00, 1717, 7301, 100, 3, 16
2026/09/29 14:59:31.716, 0, NVIDIA GeForce RTX 3060, 00000000:17:00.0, 12288, 10651, 74, 80, 169.65, 170.00, 1725, 7301, 100, 3, 16
2026/09/29 14:59:31.729, 1, NVIDIA GeForce RTX 3060, 00000000:65:00.0, 12288, 10724, 79, 83, 169.73, 170.00, 1747, 7301, 100, 3, 16
2026/09/29 14:59:33.773, 0, NVIDIA GeForce RTX 3060, 00000000:17:00.0, 12288, 10651, 73, 80, 169.69, 170.00, 1725, 7301, 100, 3, 16
2026/09/29 14:59:33.789, 1, NVIDIA GeForce RTX 3060, 00000000:65:00.0, 12288, 10724, 80, 83, 169.54, 170.00, 1747, 7301, 100, 3, 16
2026/09/29 14:59:35.840, 0, NVIDIA GeForce RTX 3060, 00000000:17:00.0, 12288, 10651, 73, 80, 169.55, 170.00, 1725, 7301, 100, 3, 16
2026/09/29 14:59:35.854, 1, NVIDIA GeForce RTX 3060, 00000000:65:00.0, 12288, 10724, 80, 84, 170.11, 170.00, 1717, 7301, 100, 3, 16
2026/09/29 14:59:37.901, 0, NVIDIA GeForce RTX 3060, 00000000:17:00.0, 12288, 10651, 73, 80, 169.76, 170.00, 1717, 7301, 100, 3, 16
2026/09/29 14:59:37.913, 1, NVIDIA GeForce RTX 3060, 00000000:65:00.0, 12288, 10724, 80, 84, 169.36, 170.00, 1725, 7301, 100, 3, 16
2026/09/29 14:59:39.960, 0, NVIDIA GeForce RTX 3060, 00000000:17:00.0, 12288, 10651, 74, 80, 169.79, 170.00, 1710, 7301, 100, 3, 16
2026/09/29 14:59:39.973, 1, NVIDIA GeForce RTX 3060, 00000000:65:00.0, 12288, 10724, 80, 84, 169.63, 170.00, 1717, 7301, 100, 3, 16
2026/09/29 14:59:42.021, 0, NVIDIA GeForce RTX 3060, 00000000:17:00.0, 12288, 10651, 73, 80, 169.54, 170.00, 1710, 7301, 100, 3, 16
2026/09/29 14:59:42.034, 1, NVIDIA GeForce RTX 3060, 00000000:65:00.0, 12288, 10724, 80, 84, 169.65, 170.00, 1747, 7301, 100, 3, 16
2026/09/29 14:59:44.082, 0, NVIDIA GeForce RTX 3060, 00000000:17:00.0, 12288, 10651, 73, 80, 169.75, 170.00, 1717, 7301, 100, 3, 16
2026/09/29 14:59:44.095, 1, NVIDIA GeForce RTX 3060, 00000000:65:00.0, 12288, 10724, 80, 84, 169.42, 170.00, 1732, 7301, 100, 3, 16
2026/09/29 14:59:46.143, 0, NVIDIA GeForce RTX 3060, 00000000:17:00.0, 12288, 10651, 73, 80, 169.83, 170.00, 1725, 7301, 100, 3, 16
2026/09/29 14:59:46.156, 1, NVIDIA GeForce RTX 3060, 00000000:65:00.0, 12288, 10724, 81, 85, 169.51, 170.00, 1740, 7301, 100, 3, 16
2026/09/29 14:59:48.202, 0, NVIDIA GeForce RTX 3060, 00000000:17:00.0, 12288, 10651, 73, 80, 169.49, 170.00, 1687, 7301, 100, 3, 16
2026/09/29 14:59:48.215, 1, NVIDIA GeForce RTX 3060, 00000000:65:00.0, 12288, 10724, 81, 85, 169.64, 170.00, 1732, 7301, 100, 3, 16
2026/09/29 14:59:50.263, 0, NVIDIA GeForce RTX 3060, 00000000:17:00.0, 12288, 10651, 73, 80, 169.52, 170.00, 1710, 7301, 100, 3, 16
2026/09/29 14:59:50.276, 1, NVIDIA GeForce RTX 3060, 00000000:65:00.0, 12288, 10724, 81, 85, 168.70, 170.00, 1852, 7301, 100, 3, 16
2026/09/29 14:59:52.322, 0, NVIDIA GeForce RTX 3060, 00000000:17:00.0, 12288, 10651, 73, 80, 169.57, 170.00, 1710, 7301, 100, 3, 16
2026/09/29 14:59:52.335, 1, NVIDIA GeForce RTX 3060, 00000000:65:00.0, 12288, 10724, 81, 85, 170.00, 170.00, 1717, 7301, 100, 3, 16
2026/09/29 14:59:54.381, 0, NVIDIA GeForce RTX 3060, 00000000:17:00.0, 12288, 10651, 73, 80, 169.65, 170.00, 1725, 7301, 100, 3, 16
2026/09/29 14:59:54.394, 1, NVIDIA GeForce RTX 3060, 00000000:65:00.0, 12288, 10724, 81, 85, 169.77, 170.00, 1710, 7301, 100, 3, 16
2026/09/29 14:59:56.441, 0, NVIDIA GeForce RTX 3060, 00000000:17:00.0, 12288, 10651, 73, 80, 169.94, 170.00, 1740, 7301, 100, 3, 16
2026/09/29 14:59:56.453, 1, NVIDIA GeForce RTX 3060, 00000000:65:00.0, 12288, 10724, 81, 86, 169.43, 170.00, 1702, 7301, 100, 3, 16
2026/09/29 14:59:58.502, 0, NVIDIA GeForce RTX 3060, 00000000:17:00.0, 12288, 10651, 73, 80, 169.79, 170.00, 1725, 7301, 100, 3, 16
2026/09/29 14:59:58.514, 1, NVIDIA GeForce RTX 3060, 00000000:65:00.0, 12288, 10724, 81, 86, 169.66, 170.00, 1725, 7301, 100, 3, 16
2026/09/29 15:00:00.563, 0, NVIDIA GeForce RTX 3060, 00000000:17:00.0, 12288, 10651, 73, 80, 170.01, 170.00, 1845, 7301, 100, 3, 16
2026/09/29 15:00:00.576, 1, NVIDIA GeForce RTX 3060, 00000000:65:00.0, 12288, 10724, 82, 86, 169.50, 170.00, 1725, 7301, 100, 3, 16
2026/09/29 15:00:02.626, 0, NVIDIA GeForce RTX 3060, 00000000:17:00.0, 12288, 10651, 73, 80, 169.52, 170.00, 1725, 7301, 100, 3, 16
2026/09/29 15:00:02.639, 1, NVIDIA GeForce RTX 3060, 00000000:65:00.0, 12288, 10724, 82, 86, 169.94, 170.00, 1725, 7301, 100, 3, 16
2026/09/29 15:00:04.692, 0, NVIDIA GeForce RTX 3060, 00000000:17:00.0, 12288, 10651, 73, 80, 169.97, 170.00, 1725, 7301, 100, 3, 16
2026/09/29 15:00:04.704, 1, NVIDIA GeForce RTX 3060, 00000000:65:00.0, 12288, 10724, 82, 86, 169.62, 170.00, 1717, 7301, 100, 3, 16
2026/09/29 15:00:06.750, 0, NVIDIA GeForce RTX 3060, 00000000:17:00.0, 12288, 10651, 73, 81, 169.85, 170.00, 1725, 7301, 100, 3, 16
2026/09/29 15:00:06.763, 1, NVIDIA GeForce RTX 3060, 00000000:65:00.0, 12288, 10724, 82, 86, 169.63, 170.00, 1717, 7301, 100, 3, 16
2026/09/29 15:00:08.812, 0, NVIDIA GeForce RTX 3060, 00000000:17:00.0, 12288, 10651, 73, 81, 170.13, 170.00, 1725, 7301, 100, 3, 16
2026/09/29 15:00:08.825, 1, NVIDIA GeForce RTX 3060, 00000000:65:00.0, 12288, 10724, 82, 86, 169.77, 170.00, 1725, 7301, 100, 3, 16
2026/09/29 15:00:10.872, 0, NVIDIA GeForce RTX 3060, 00000000:17:00.0, 12288, 10651, 73, 81, 168.96, 170.00, 1732, 7301, 100, 3, 16
2026/09/29 15:00:10.884, 1, NVIDIA GeForce RTX 3060, 00000000:65:00.0, 12288, 10724, 82, 87, 169.32, 170.00, 1740, 7301, 100, 3, 16
2026/09/29 15:00:12.934, 0, NVIDIA GeForce RTX 3060, 00000000:17:00.0, 12288, 10651, 73, 81, 169.73, 170.00, 1725, 7301, 100, 3, 16
2026/09/29 15:00:12.948, 1, NVIDIA GeForce RTX 3060, 00000000:65:00.0, 12288, 10724, 82, 87, 169.50, 170.00, 1732, 7301, 100, 3, 16
2026/09/29 15:00:14.995, 0, NVIDIA GeForce RTX 3060, 00000000:17:00.0, 12288, 10651, 73, 81, 169.94, 170.00, 1725, 7301, 100, 3, 16
2026/09/29 15:00:15.009, 1, NVIDIA GeForce RTX 3060, 00000000:65:00.0, 12288, 10724, 83, 87, 169.60, 170.00, 1710, 7301, 100, 3, 16
2026/09/29 15:00:17.058, 0, NVIDIA GeForce RTX 3060, 00000000:17:00.0, 12288, 10651, 73, 81, 169.78, 170.00, 1725, 7301, 100, 3, 16
2026/09/29 15:00:17.072, 1, NVIDIA GeForce RTX 3060, 00000000:65:00.0, 12288, 10724, 83, 87, 169.56, 170.00, 1717, 7301, 100, 3, 16
2026/09/29 15:00:19.116, 0, NVIDIA GeForce RTX 3060, 00000000:17:00.0, 12288, 10651, 73, 81, 170.01, 170.00, 1717, 7301, 100, 3, 16
2026/09/29 15:00:19.128, 1, NVIDIA GeForce RTX 3060, 00000000:65:00.0, 12288, 10724, 83, 87, 169.54, 170.00, 1702, 7301, 100, 3, 16
2026/09/29 15:00:21.175, 0, NVIDIA GeForce RTX 3060, 00000000:17:00.0, 12288, 10651, 73, 81, 169.84, 170.00, 1710, 7301, 100, 3, 16
2026/09/29 15:00:21.189, 1, NVIDIA GeForce RTX 3060, 00000000:65:00.0, 12288, 10724, 83, 87, 169.90, 170.00, 1710, 7301, 100, 3, 16
2026/09/29 15:00:23.241, 0, NVIDIA GeForce RTX 3060, 00000000:17:00.0, 12288, 10651, 73, 81, 169.70, 170.00, 1717, 7301, 100, 3, 16
2026/09/29 15:00:23.255, 1, NVIDIA GeForce RTX 3060, 00000000:65:00.0, 12288, 10724, 83, 87, 169.77, 170.00, 1717, 7301, 100, 3, 16
2026/09/29 15:00:25.303, 0, NVIDIA GeForce RTX 3060, 00000000:17:00.0, 12288, 10651, 73, 81, 169.67, 170.00, 1725, 7301, 100, 3, 16
2026/09/29 15:00:25.315, 1, NVIDIA GeForce RTX 3060, 00000000:65:00.0, 12288, 10724, 83, 87, 169.74, 170.00, 1717, 7301, 100, 3, 16
2026/09/29 15:00:27.361, 0, NVIDIA GeForce RTX 3060, 00000000:17:00.0, 12288, 10651, 73, 81, 169.89, 170.00, 1732, 7301, 100, 3, 16
2026/09/29 15:00:27.379, 1, NVIDIA GeForce RTX 3060, 00000000:65:00.0, 12288, 10724, 83, 88, 169.60, 170.00, 1732, 7301, 100, 3, 16
2026/09/29 15:00:29.426, 0, NVIDIA GeForce RTX 3060, 00000000:17:00.0, 12288, 10651, 73, 81, 169.89, 170.00, 1710, 7301, 100, 3, 16
2026/09/29 15:00:29.439, 1, NVIDIA GeForce RTX 3060, 00000000:65:00.0, 12288, 10724, 83, 88, 169.80, 170.00, 1732, 7301, 100, 3, 16
2026/09/29 15:00:31.488, 0, NVIDIA GeForce RTX 3060, 00000000:17:00.0, 12288, 10651, 73, 81, 169.76, 170.00, 1725, 7301, 100, 3, 16
2026/09/29 15:00:31.501, 1, NVIDIA GeForce RTX 3060, 00000000:65:00.0, 12288, 10724, 83, 88, 169.55, 170.00, 1732, 7301, 100, 3, 16
2026/09/29 15:00:33.553, 0, NVIDIA GeForce RTX 3060, 00000000:17:00.0, 12288, 10651, 73, 81, 169.57, 170.00, 1710, 7301, 100, 3, 16
2026/09/29 15:00:33.566, 1, NVIDIA GeForce RTX 3060, 00000000:65:00.0, 12288, 10724, 83, 88, 169.18, 170.00, 1717, 7301, 100, 3, 16
2026/09/29 15:00:35.615, 0, NVIDIA GeForce RTX 3060, 00000000:17:00.0, 12288, 10651, 73, 81, 169.52, 170.00, 1717, 7301, 100, 3, 16
2026/09/29 15:00:35.630, 1, NVIDIA GeForce RTX 3060, 00000000:65:00.0, 12288, 10724, 83, 88, 169.75, 170.00, 1717, 7301, 100, 3, 16
2026/09/29 15:00:37.670, 0, NVIDIA GeForce RTX 3060, 00000000:17:00.0, 12288, 10651, 73, 81, 169.68, 170.00, 1725, 7301, 100, 3, 16
2026/09/29 15:00:37.682, 1, NVIDIA GeForce RTX 3060, 00000000:65:00.0, 12288, 10724, 84, 88, 170.31, 170.00, 1717, 7301, 100, 3, 16
2026/09/29 15:00:39.724, 0, NVIDIA GeForce RTX 3060, 00000000:17:00.0, 12288, 10651, 73, 81, 169.83, 170.00, 1725, 7301, 100, 3, 16
2026/09/29 15:00:39.737, 1, NVIDIA GeForce RTX 3060, 00000000:65:00.0, 12288, 10724, 84, 88, 169.98, 170.00, 1702, 7301, 100, 3, 16
2026/09/29 15:00:41.782, 0, NVIDIA GeForce RTX 3060, 00000000:17:00.0, 12288, 10651, 73, 81, 169.83, 170.00, 1695, 7301, 100, 3, 16
2026/09/29 15:00:41.795, 1, NVIDIA GeForce RTX 3060, 00000000:65:00.0, 12288, 10724, 84, 88, 169.32, 170.00, 1717, 7301, 100, 3, 16
2026/09/29 15:00:43.842, 0, NVIDIA GeForce RTX 3060, 00000000:17:00.0, 12288, 10651, 73, 81, 169.59, 170.00, 1717, 7301, 100, 3, 16
2026/09/29 15:00:43.859, 1, NVIDIA GeForce RTX 3060, 00000000:65:00.0, 12288, 10724, 84, 88, 169.86, 170.00, 1717, 7301, 100, 3, 16
2026/09/29 15:00:45.916, 0, NVIDIA GeForce RTX 3060, 00000000:17:00.0, 12288, 10651, 73, 81, 169.88, 170.00, 1725, 7301, 100, 3, 16
2026/09/29 15:00:45.930, 1, NVIDIA GeForce RTX 3060, 00000000:65:00.0, 12288, 10724, 84, 88, 169.74, 170.00, 1710, 7301, 100, 3, 16
2026/09/29 15:00:47.978, 0, NVIDIA GeForce RTX 3060, 00000000:17:00.0, 12288, 10651, 73, 81, 169.37, 170.00, 1717, 7301, 100, 3, 16
2026/09/29 15:00:47.990, 1, NVIDIA GeForce RTX 3060, 00000000:65:00.0, 12288, 10724, 84, 88, 169.56, 170.00, 1717, 7301, 100, 3, 16
2026/09/29 15:00:50.034, 0, NVIDIA GeForce RTX 3060, 00000000:17:00.0, 12288, 10651, 73, 81, 169.65, 170.00, 1725, 7301, 100, 3, 16
2026/09/29 15:00:50.051, 1, NVIDIA GeForce RTX 3060, 00000000:65:00.0, 12288, 10724, 84, 89, 169.44, 170.00, 1725, 7301, 100, 3, 16
2026/09/29 15:00:52.095, 0, NVIDIA GeForce RTX 3060, 00000000:17:00.0, 12288, 10651, 73, 81, 169.50, 170.00, 1725, 7301, 100, 3, 16
2026/09/29 15:00:52.108, 1, NVIDIA GeForce RTX 3060, 00000000:65:00.0, 12288, 10724, 84, 89, 169.85, 170.00, 1702, 7301, 100, 3, 16
2026/09/29 15:00:54.155, 0, NVIDIA GeForce RTX 3060, 00000000:17:00.0, 12288, 10651, 73, 81, 169.71, 170.00, 1777, 7301, 100, 3, 16
2026/09/29 15:00:54.168, 1, NVIDIA GeForce RTX 3060, 00000000:65:00.0, 12288, 10724, 84, 89, 169.66, 170.00, 1717, 7301, 100, 3, 16
2026/09/29 15:00:56.215, 0, NVIDIA GeForce RTX 3060, 00000000:17:00.0, 12288, 10651, 73, 81, 169.32, 170.00, 1717, 7301, 100, 3, 16
2026/09/29 15:00:56.234, 1, NVIDIA GeForce RTX 3060, 00000000:65:00.0, 12288, 10724, 84, 89, 169.50, 170.00, 1717, 7301, 100, 3, 16
2026/09/29 15:00:58.279, 0, NVIDIA GeForce RTX 3060, 00000000:17:00.0, 12288, 10651, 73, 81, 169.75, 170.00, 1725, 7301, 100, 3, 16
2026/09/29 15:00:58.301, 1, NVIDIA GeForce RTX 3060, 00000000:65:00.0, 12288, 10724, 84, 89, 169.73, 170.00, 1717, 7301, 100, 3, 16
2026/09/29 15:01:00.348, 0, NVIDIA GeForce RTX 3060, 00000000:17:00.0, 12288, 10651, 73, 81, 169.78, 170.00, 1725, 7301, 100, 3, 16
2026/09/29 15:01:00.360, 1, NVIDIA GeForce RTX 3060, 00000000:65:00.0, 12288, 10724, 84, 89, 169.51, 170.00, 1695, 7301, 100, 3, 16
2026/09/29 15:01:02.407, 0, NVIDIA GeForce RTX 3060, 00000000:17:00.0, 12288, 10651, 73, 81, 169.64, 170.00, 1725, 7301, 100, 3, 16
2026/09/29 15:01:02.419, 1, NVIDIA GeForce RTX 3060, 00000000:65:00.0, 12288, 10724, 84, 89, 169.56, 170.00, 1687, 7301, 100, 3, 16
2026/09/29 15:01:04.468, 0, NVIDIA GeForce RTX 3060, 00000000:17:00.0, 12288, 10651, 73, 81, 169.75, 170.00, 1740, 7301, 100, 3, 16
2026/09/29 15:01:04.480, 1, NVIDIA GeForce RTX 3060, 00000000:65:00.0, 12288, 10724, 84, 89, 169.67, 170.00, 1702, 7301, 100, 3, 16
2026/09/29 15:01:06.525, 0, NVIDIA GeForce RTX 3060, 00000000:17:00.0, 12288, 10651, 73, 81, 169.82, 170.00, 1710, 7301, 100, 3, 16
2026/09/29 15:01:06.538, 1, NVIDIA GeForce RTX 3060, 00000000:65:00.0, 12288, 10724, 84, 89, 169.55, 170.00, 1702, 7301, 100, 3, 16
2026/09/29 15:01:08.584, 0, NVIDIA GeForce RTX 3060, 00000000:17:00.0, 12288, 10651, 73, 81, 170.06, 170.00, 1740, 7301, 100, 3, 16
2026/09/29 15:01:08.597, 1, NVIDIA GeForce RTX 3060, 00000000:65:00.0, 12288, 10724, 84, 89, 169.81, 170.00, 1702, 7301, 100, 3, 16
2026/09/29 15:01:10.638, 0, NVIDIA GeForce RTX 3060, 00000000:17:00.0, 12288, 10651, 73, 81, 169.52, 170.00, 1725, 7301, 100, 3, 16
2026/09/29 15:01:10.649, 1, NVIDIA GeForce RTX 3060, 00000000:65:00.0, 12288, 10724, 84, 89, 169.59, 170.00, 1702, 7301, 100, 3, 16
2026/09/29 15:01:12.696, 0, NVIDIA GeForce RTX 3060, 00000000:17:00.0, 12288, 10651, 73, 81, 169.86, 170.00, 1740, 7301, 100, 3, 16
2026/09/29 15:01:12.708, 1, NVIDIA GeForce RTX 3060, 00000000:65:00.0, 12288, 10724, 84, 89, 169.55, 170.00, 1717, 7301, 100, 3, 16
2026/09/29 15:01:14.758, 0, NVIDIA GeForce RTX 3060, 00000000:17:00.0, 12288, 10651, 73, 81, 169.78, 170.00, 1710, 7301, 100, 3, 16
2026/09/29 15:01:14.772, 1, NVIDIA GeForce RTX 3060, 00000000:65:00.0, 12288, 10724, 84, 89, 169.24, 170.00, 1717, 7301, 100, 3, 16
2026/09/29 15:01:16.822, 0, NVIDIA GeForce RTX 3060, 00000000:17:00.0, 12288, 10651, 73, 81, 169.80, 170.00, 1732, 7301, 100, 3, 16
2026/09/29 15:01:16.836, 1, NVIDIA GeForce RTX 3060, 00000000:65:00.0, 12288, 10724, 84, 89, 170.04, 170.00, 1740, 7301, 100, 3, 16
2026/09/29 15:01:18.883, 0, NVIDIA GeForce RTX 3060, 00000000:17:00.0, 12288, 10651, 73, 81, 170.08, 170.00, 1717, 7301, 100, 3, 16
2026/09/29 15:01:18.896, 1, NVIDIA GeForce RTX 3060, 00000000:65:00.0, 12288, 10724, 84, 89, 169.60, 170.00, 1845, 7301, 100, 3, 16
2026/09/29 15:01:20.947, 0, NVIDIA GeForce RTX 3060, 00000000:17:00.0, 12288, 10651, 73, 81, 169.81, 170.00, 1710, 7301, 100, 3, 16
2026/09/29 15:01:20.960, 1, NVIDIA GeForce RTX 3060, 00000000:65:00.0, 12288, 10724, 84, 89, 169.61, 170.00, 1732, 7301, 100, 3, 16
2026/09/29 15:01:23.010, 0, NVIDIA GeForce RTX 3060, 00000000:17:00.0, 12288, 10651, 73, 81, 169.62, 170.00, 1725, 7301, 100, 3, 16
2026/09/29 15:01:23.023, 1, NVIDIA GeForce RTX 3060, 00000000:65:00.0, 12288, 10724, 84, 89, 169.62, 170.00, 1710, 7301, 100, 3, 16
2026/09/29 15:01:25.071, 0, NVIDIA GeForce RTX 3060, 00000000:17:00.0, 12288, 10651, 73, 81, 169.74, 170.00, 1717, 7301, 100, 3, 16
2026/09/29 15:01:25.091, 1, NVIDIA GeForce RTX 3060, 00000000:65:00.0, 12288, 10724, 84, 89, 169.69, 170.00, 1717, 7301, 100, 3, 16
2026/09/29 15:01:27.140, 0, NVIDIA GeForce RTX 3060, 00000000:17:00.0, 12288, 10651, 73, 81, 169.22, 170.00, 1717, 7301, 100, 3, 16
2026/09/29 15:01:27.153, 1, NVIDIA GeForce RTX 3060, 00000000:65:00.0, 12288, 10724, 84, 90, 168.71, 170.00, 1717, 7301, 100, 3, 16
2026/09/29 15:01:29.204, 0, NVIDIA GeForce RTX 3060, 00000000:17:00.0, 12288, 10651, 72, 81, 169.60, 170.00, 1717, 7301, 100, 3, 16
2026/09/29 15:01:29.217, 1, NVIDIA GeForce RTX 3060, 00000000:65:00.0, 12288, 10724, 84, 90, 169.72, 170.00, 1702, 7301, 100, 3, 16
2026/09/29 15:01:31.264, 0, NVIDIA GeForce RTX 3060, 00000000:17:00.0, 12288, 10651, 73, 81, 169.73, 170.00, 1725, 7301, 100, 3, 16
2026/09/29 15:01:31.277, 1, NVIDIA GeForce RTX 3060, 00000000:65:00.0, 12288, 10724, 85, 90, 169.78, 170.00, 1702, 7301, 100, 3, 16
2026/09/29 15:01:33.322, 0, NVIDIA GeForce RTX 3060, 00000000:17:00.0, 12288, 10651, 73, 81, 169.92, 170.00, 1725, 7301, 100, 3, 16
2026/09/29 15:01:33.335, 1, NVIDIA GeForce RTX 3060, 00000000:65:00.0, 12288, 10724, 84, 90, 169.48, 170.00, 1687, 7301, 100, 3, 16
2026/09/29 15:01:35.382, 0, NVIDIA GeForce RTX 3060, 00000000:17:00.0, 12288, 10651, 73, 81, 169.08, 170.00, 1732, 7301, 100, 3, 16
2026/09/29 15:01:35.394, 1, NVIDIA GeForce RTX 3060, 00000000:65:00.0, 12288, 10724, 84, 90, 169.66, 170.00, 1702, 7301, 100, 3, 16
2026/09/29 15:01:37.450, 0, NVIDIA GeForce RTX 3060, 00000000:17:00.0, 12288, 10651, 73, 81, 169.68, 170.00, 1740, 7301, 100, 3, 16
2026/09/29 15:01:37.463, 1, NVIDIA GeForce RTX 3060, 00000000:65:00.0, 12288, 10724, 84, 90, 169.40, 170.00, 1717, 7301, 100, 3, 16
2026/09/29 15:01:39.511, 0, NVIDIA GeForce RTX 3060, 00000000:17:00.0, 12288, 10651, 72, 81, 169.39, 170.00, 1725, 7301, 100, 3, 16
2026/09/29 15:01:39.525, 1, NVIDIA GeForce RTX 3060, 00000000:65:00.0, 12288, 10724, 84, 90, 169.84, 170.00, 1717, 7301, 100, 3, 16
2026/09/29 15:01:41.569, 0, NVIDIA GeForce RTX 3060, 00000000:17:00.0, 12288, 10651, 73, 81, 169.66, 170.00, 1740, 7301, 100, 3, 16
2026/09/29 15:01:41.581, 1, NVIDIA GeForce RTX 3060, 00000000:65:00.0, 12288, 10724, 85, 90, 169.44, 170.00, 1702, 7301, 100, 3, 16
2026/09/29 15:01:43.625, 0, NVIDIA GeForce RTX 3060, 00000000:17:00.0, 12288, 10651, 73, 81, 169.95, 170.00, 1702, 7301, 100, 3, 16
2026/09/29 15:01:43.636, 1, NVIDIA GeForce RTX 3060, 00000000:65:00.0, 12288, 10724, 84, 90, 169.72, 170.00, 1717, 7301, 100, 3, 16
2026/09/29 15:01:45.679, 0, NVIDIA GeForce RTX 3060, 00000000:17:00.0, 12288, 10651, 73, 81, 169.65, 170.00, 1740, 7301, 100, 3, 16
2026/09/29 15:01:45.691, 1, NVIDIA GeForce RTX 3060, 00000000:65:00.0, 12288, 10756, 85, 90, 169.86, 170.00, 1725, 7301, 100, 3, 16
2026/09/29 15:01:47.739, 0, NVIDIA GeForce RTX 3060, 00000000:17:00.0, 12288, 10651, 72, 81, 169.31, 170.00, 1732, 7301, 100, 3, 16
2026/09/29 15:01:47.753, 1, NVIDIA GeForce RTX 3060, 00000000:65:00.0, 12288, 10724, 85, 90, 169.77, 170.00, 1717, 7301, 100, 3, 16
2026/09/29 15:01:49.796, 0, NVIDIA GeForce RTX 3060, 00000000:17:00.0, 12288, 10651, 73, 81, 169.96, 170.00, 1740, 7301, 100, 3, 16
2026/09/29 15:01:49.814, 1, NVIDIA GeForce RTX 3060, 00000000:65:00.0, 12288, 10724, 85, 90, 169.66, 170.00, 1695, 7301, 100, 3, 16
2026/09/29 15:01:51.858, 0, NVIDIA GeForce RTX 3060, 00000000:17:00.0, 12288, 10651, 73, 81, 169.82, 170.00, 1710, 7301, 100, 3, 16
2026/09/29 15:01:51.871, 1, NVIDIA GeForce RTX 3060, 00000000:65:00.0, 12288, 10724, 85, 90, 169.88, 170.00, 1702, 7301, 100, 3, 16
2026/09/29 15:01:53.918, 0, NVIDIA GeForce RTX 3060, 00000000:17:00.0, 12288, 10651, 73, 81, 170.14, 170.00, 1717, 7301, 100, 3, 16
2026/09/29 15:01:53.932, 1, NVIDIA GeForce RTX 3060, 00000000:65:00.0, 12288, 10724, 85, 90, 170.15, 170.00, 1717, 7301, 100, 3, 16
2026/09/29 15:01:55.981, 0, NVIDIA GeForce RTX 3060, 00000000:17:00.0, 12288, 10651, 73, 81, 169.78, 170.00, 1740, 7301, 100, 3, 16
2026/09/29 15:01:55.995, 1, NVIDIA GeForce RTX 3060, 00000000:65:00.0, 12288, 10724, 85, 90, 170.11, 170.00, 1710, 7301, 100, 3, 16
2026/09/29 15:01:58.044, 0, NVIDIA GeForce RTX 3060, 00000000:17:00.0, 12288, 10651, 73, 81, 169.95, 170.00, 1717, 7301, 100, 3, 16
2026/09/29 15:01:58.059, 1, NVIDIA GeForce RTX 3060, 00000000:65:00.0, 12288, 10724, 84, 90, 169.71, 170.00, 1695, 7301, 100, 3, 16
2026/09/29 15:02:00.106, 0, NVIDIA GeForce RTX 3060, 00000000:17:00.0, 12288, 10651, 73, 81, 169.86, 170.00, 1732, 7301, 100, 3, 16
2026/09/29 15:02:00.120, 1, NVIDIA GeForce RTX 3060, 00000000:65:00.0, 12288, 10724, 85, 90, 169.43, 170.00, 1717, 7301, 100, 3, 16
2026/09/29 15:02:02.166, 0, NVIDIA GeForce RTX 3060, 00000000:17:00.0, 12288, 10651, 73, 81, 169.77, 170.00, 1717, 7301, 100, 3, 16
2026/09/29 15:02:02.180, 1, NVIDIA GeForce RTX 3060, 00000000:65:00.0, 12288, 10724, 85, 90, 170.27, 170.00, 1717, 7301, 100, 3, 16
2026/09/29 15:02:04.231, 0, NVIDIA GeForce RTX 3060, 00000000:17:00.0, 12288, 10651, 73, 81, 169.75, 170.00, 1740, 7301, 100, 3, 16
2026/09/29 15:02:04.251, 1, NVIDIA GeForce RTX 3060, 00000000:65:00.0, 12288, 10724, 85, 90, 169.69, 170.00, 1717, 7301, 100, 3, 16
2026/09/29 15:02:06.301, 0, NVIDIA GeForce RTX 3060, 00000000:17:00.0, 12288, 10651, 73, 82, 169.90, 170.00, 1725, 7301, 100, 3, 16
2026/09/29 15:02:06.314, 1, NVIDIA GeForce RTX 3060, 00000000:65:00.0, 12288, 10724, 84, 90, 169.33, 170.00, 1732, 7301, 100, 3, 16
2026/09/29 15:02:08.365, 0, NVIDIA GeForce RTX 3060, 00000000:17:00.0, 12288, 10651, 72, 81, 169.63, 170.00, 1740, 7301, 100, 3, 16
2026/09/29 15:02:08.377, 1, NVIDIA GeForce RTX 3060, 00000000:65:00.0, 12288, 10724, 85, 90, 169.93, 170.00, 1717, 7301, 100, 3, 16
2026/09/29 15:02:10.423, 0, NVIDIA GeForce RTX 3060, 00000000:17:00.0, 12288, 10651, 72, 82, 169.67, 170.00, 1725, 7301, 100, 3, 16
2026/09/29 15:02:10.437, 1, NVIDIA GeForce RTX 3060, 00000000:65:00.0, 12288, 10724, 85, 90, 169.65, 170.00, 1717, 7301, 100, 3, 16
2026/09/29 15:02:12.482, 0, NVIDIA GeForce RTX 3060, 00000000:17:00.0, 12288, 10651, 73, 81, 169.64, 170.00, 1725, 7301, 100, 3, 16
2026/09/29 15:02:12.495, 1, NVIDIA GeForce RTX 3060, 00000000:65:00.0, 12288, 10724, 85, 90, 169.60, 170.00, 1702, 7301, 100, 3, 16
2026/09/29 15:02:14.541, 0, NVIDIA GeForce RTX 3060, 00000000:17:00.0, 12288, 10651, 72, 81, 169.47, 170.00, 1725, 7301, 100, 3, 16
2026/09/29 15:02:14.558, 1, NVIDIA GeForce RTX 3060, 00000000:65:00.0, 12288, 10724, 85, 90, 169.33, 170.00, 1717, 7301, 100, 3, 16
2026/09/29 15:02:16.602, 0, NVIDIA GeForce RTX 3060, 00000000:17:00.0, 12288, 10651, 73, 81, 169.85, 170.00, 1725, 7301, 100, 3, 16
2026/09/29 15:02:16.616, 1, NVIDIA GeForce RTX 3060, 00000000:65:00.0, 12288, 10724, 85, 90, 169.70, 170.00, 1702, 7301, 100, 3, 16
2026/09/29 15:02:18.662, 0, NVIDIA GeForce RTX 3060, 00000000:17:00.0, 12288, 10651, 73, 81, 169.87, 170.00, 1740, 7301, 100, 3, 16
2026/09/29 15:02:18.676, 1, NVIDIA GeForce RTX 3060, 00000000:65:00.0, 12288, 10724, 85, 90, 169.82, 170.00, 1695, 7301, 100, 3, 16
2026/09/29 15:02:20.723, 0, NVIDIA GeForce RTX 3060, 00000000:17:00.0, 12288, 10651, 73, 81, 169.39, 170.00, 1725, 7301, 100, 3, 16
2026/09/29 15:02:20.736, 1, NVIDIA GeForce RTX 3060, 00000000:65:00.0, 12288, 10724, 85, 90, 169.71, 170.00, 1702, 7301, 100, 3, 16
2026/09/29 15:02:22.784, 0, NVIDIA GeForce RTX 3060, 00000000:17:00.0, 12288, 10651, 73, 81, 169.65, 170.00, 1740, 7301, 100, 3, 16
2026/09/29 15:02:22.796, 1, NVIDIA GeForce RTX 3060, 00000000:65:00.0, 12288, 10724, 84, 90, 169.42, 170.00, 1702, 7301, 100, 3, 16
2026/09/29 15:02:24.842, 0, NVIDIA GeForce RTX 3060, 00000000:17:00.0, 12288, 10651, 73, 81, 169.88, 170.00, 1725, 7301, 100, 3, 16
2026/09/29 15:02:24.854, 1, NVIDIA GeForce RTX 3060, 00000000:65:00.0, 12288, 10724, 85, 90, 169.85, 170.00, 1702, 7301, 100, 3, 16
2026/09/29 15:02:26.902, 0, NVIDIA GeForce RTX 3060, 00000000:17:00.0, 12288, 10651, 72, 81, 169.50, 170.00, 1717, 7301, 100, 3, 16
2026/09/29 15:02:26.918, 1, NVIDIA GeForce RTX 3060, 00000000:65:00.0, 12288, 10724, 84, 90, 169.46, 170.00, 1702, 7301, 100, 3, 16
2026/09/29 15:02:28.968, 0, NVIDIA GeForce RTX 3060, 00000000:17:00.0, 12288, 10651, 72, 81, 169.67, 170.00, 1717, 7301, 100, 3, 16
2026/09/29 15:02:28.981, 1, NVIDIA GeForce RTX 3060, 00000000:65:00.0, 12288, 10724, 85, 90, 169.80, 170.00, 1717, 7301, 100, 3, 16
2026/09/29 15:02:31.024, 0, NVIDIA GeForce RTX 3060, 00000000:17:00.0, 12288, 10651, 73, 81, 169.85, 170.00, 1725, 7301, 100, 3, 16
2026/09/29 15:02:31.037, 1, NVIDIA GeForce RTX 3060, 00000000:65:00.0, 12288, 10724, 84, 90, 168.40, 170.00, 1702, 7301, 100, 3, 16
2026/09/29 15:02:33.084, 0, NVIDIA GeForce RTX 3060, 00000000:17:00.0, 12288, 10651, 72, 82, 169.10, 170.00, 1725, 7301, 100, 3, 16
2026/09/29 15:02:33.104, 1, NVIDIA GeForce RTX 3060, 00000000:65:00.0, 12288, 10724, 85, 90, 169.74, 170.00, 1702, 7301, 100, 3, 16
2026/09/29 15:02:35.151, 0, NVIDIA GeForce RTX 3060, 00000000:17:00.0, 12288, 10651, 73, 82, 169.85, 170.00, 1710, 7301, 100, 3, 16
2026/09/29 15:02:35.164, 1, NVIDIA GeForce RTX 3060, 00000000:65:00.0, 12288, 10724, 85, 90, 169.83, 170.00, 1710, 7301, 100, 3, 16
2026/09/29 15:02:37.209, 0, NVIDIA GeForce RTX 3060, 00000000:17:00.0, 12288, 10651, 73, 81, 169.67, 170.00, 1717, 7301, 100, 3, 16
2026/09/29 15:02:37.223, 1, NVIDIA GeForce RTX 3060, 00000000:65:00.0, 12288, 10724, 85, 90, 169.72, 170.00, 1695, 7301, 100, 3, 16
2026/09/29 15:02:39.268, 0, NVIDIA GeForce RTX 3060, 00000000:17:00.0, 12288, 10651, 73, 81, 169.96, 170.00, 1725, 7301, 100, 3, 16
2026/09/29 15:02:39.281, 1, NVIDIA GeForce RTX 3060, 00000000:65:00.0, 12288, 10724, 85, 90, 169.16, 170.00, 1702, 7301, 100, 3, 16
2026/09/29 15:02:41.329, 0, NVIDIA GeForce RTX 3060, 00000000:17:00.0, 12288, 10651, 72, 81, 169.43, 170.00, 1725, 7301, 100, 3, 16
2026/09/29 15:02:41.343, 1, NVIDIA GeForce RTX 3060, 00000000:65:00.0, 12288, 10724, 85, 90, 169.84, 170.00, 1702, 7301, 100, 3, 16
2026/09/29 15:02:43.402, 0, NVIDIA GeForce RTX 3060, 00000000:17:00.0, 12288, 10651, 73, 81, 169.93, 170.00, 1725, 7301, 100, 3, 16
2026/09/29 15:02:43.413, 1, NVIDIA GeForce RTX 3060, 00000000:65:00.0, 12288, 10724, 85, 90, 169.93, 170.00, 1732, 7301, 100, 3, 16
2026/09/29 15:02:45.459, 0, NVIDIA GeForce RTX 3060, 00000000:17:00.0, 12288, 10651, 73, 82, 169.43, 170.00, 1732, 7301, 100, 3, 16
2026/09/29 15:02:45.472, 1, NVIDIA GeForce RTX 3060, 00000000:65:00.0, 12288, 10724, 84, 90, 169.70, 170.00, 1702, 7301, 100, 3, 16
2026/09/29 15:02:47.518, 0, NVIDIA GeForce RTX 3060, 00000000:17:00.0, 12288, 10651, 73, 82, 170.19, 170.00, 1725, 7301, 100, 3, 16
2026/09/29 15:02:47.530, 1, NVIDIA GeForce RTX 3060, 00000000:65:00.0, 12288, 10724, 85, 90, 169.62, 170.00, 1717, 7301, 100, 3, 16
2026/09/29 15:02:49.575, 0, NVIDIA GeForce RTX 3060, 00000000:17:00.0, 12288, 10651, 73, 82, 169.70, 170.00, 1725, 7301, 100, 3, 16
2026/09/29 15:02:49.587, 1, NVIDIA GeForce RTX 3060, 00000000:65:00.0, 12288, 10724, 85, 90, 169.63, 170.00, 1732, 7301, 100, 3, 16
2026/09/29 15:02:51.633, 0, NVIDIA GeForce RTX 3060, 00000000:17:00.0, 12288, 10651, 72, 82, 169.96, 170.00, 1725, 7301, 100, 3, 16
2026/09/29 15:02:51.645, 1, NVIDIA GeForce RTX 3060, 00000000:65:00.0, 12288, 10724, 84, 90, 169.72, 170.00, 1702, 7301, 100, 3, 16
2026/09/29 15:02:53.698, 0, NVIDIA GeForce RTX 3060, 00000000:17:00.0, 12288, 10651, 73, 82, 169.85, 170.00, 1717, 7301, 100, 3, 16
2026/09/29 15:02:53.710, 1, NVIDIA GeForce RTX 3060, 00000000:65:00.0, 12288, 10724, 84, 90, 169.58, 170.00, 1702, 7301, 100, 3, 16
2026/09/29 15:02:55.755, 0, NVIDIA GeForce RTX 3060, 00000000:17:00.0, 12288, 10651, 73, 82, 170.01, 170.00, 1725, 7301, 100, 3, 16
2026/09/29 15:02:55.768, 1, NVIDIA GeForce RTX 3060, 00000000:65:00.0, 12288, 10724, 85, 90, 169.53, 170.00, 1710, 7301, 100, 3, 16
2026/09/29 15:02:57.814, 0, NVIDIA GeForce RTX 3060, 00000000:17:00.0, 12288, 10651, 72, 81, 169.86, 170.00, 1717, 7301, 100, 3, 16
2026/09/29 15:02:57.827, 1, NVIDIA GeForce RTX 3060, 00000000:65:00.0, 12288, 10724, 85, 90, 169.68, 170.00, 1717, 7301, 100, 3, 16
2026/09/29 15:02:59.872, 0, NVIDIA GeForce RTX 3060, 00000000:17:00.0, 12288, 10651, 72, 81, 169.80, 170.00, 1717, 7301, 100, 3, 16
2026/09/29 15:02:59.888, 1, NVIDIA GeForce RTX 3060, 00000000:65:00.0, 12288, 10724, 84, 90, 169.49, 170.00, 1702, 7301, 100, 3, 16
2026/09/29 15:03:01.937, 0, NVIDIA GeForce RTX 3060, 00000000:17:00.0, 12288, 10651, 73, 82, 170.04, 170.00, 1725, 7301, 100, 3, 16
2026/09/29 15:03:01.950, 1, NVIDIA GeForce RTX 3060, 00000000:65:00.0, 12288, 10724, 85, 90, 169.60, 170.00, 1695, 7301, 100, 3, 16
2026/09/29 15:03:04.000, 0, NVIDIA GeForce RTX 3060, 00000000:17:00.0, 12288, 10651, 73, 82, 169.78, 170.00, 1725, 7301, 100, 3, 16
2026/09/29 15:03:04.012, 1, NVIDIA GeForce RTX 3060, 00000000:65:00.0, 12288, 10724, 84, 90, 169.33, 170.00, 1702, 7301, 100, 3, 16
2026/09/29 15:03:06.058, 0, NVIDIA GeForce RTX 3060, 00000000:17:00.0, 12288, 10651, 72, 82, 169.65, 170.00, 1710, 7301, 100, 3, 16
2026/09/29 15:03:06.078, 1, NVIDIA GeForce RTX 3060, 00000000:65:00.0, 12288, 10724, 85, 90, 170.20, 170.00, 1702, 7301, 100, 3, 16
2026/09/29 15:03:08.127, 0, NVIDIA GeForce RTX 3060, 00000000:17:00.0, 12288, 10651, 72, 81, 169.45, 170.00, 1732, 7301, 100, 3, 16
2026/09/29 15:03:08.142, 1, NVIDIA GeForce RTX 3060, 00000000:65:00.0, 12288, 10724, 85, 90, 169.63, 170.00, 1695, 7301, 100, 3, 16
2026/09/29 15:03:10.190, 0, NVIDIA GeForce RTX 3060, 00000000:17:00.0, 12288, 10651, 72, 81, 170.01, 170.00, 1717, 7301, 100, 3, 16
2026/09/29 15:03:10.205, 1, NVIDIA GeForce RTX 3060, 00000000:65:00.0, 12288, 10724, 85, 90, 169.49, 170.00, 1695, 7301, 100, 3, 16
2026/09/29 15:03:12.252, 0, NVIDIA GeForce RTX 3060, 00000000:17:00.0, 12288, 10651, 72, 81, 169.83, 170.00, 1717, 7301, 100, 3, 16
2026/09/29 15:03:12.264, 1, NVIDIA GeForce RTX 3060, 00000000:65:00.0, 12288, 10724, 85, 90, 169.64, 170.00, 1702, 7301, 100, 3, 16
2026/09/29 15:03:14.310, 0, NVIDIA GeForce RTX 3060, 00000000:17:00.0, 12288, 10651, 72, 82, 169.57, 170.00, 1717, 7301, 100, 3, 16
2026/09/29 15:03:14.329, 1, NVIDIA GeForce RTX 3060, 00000000:65:00.0, 12288, 10724, 85, 90, 169.85, 170.00, 1702, 7301, 100, 3, 16
2026/09/29 15:03:16.373, 0, NVIDIA GeForce RTX 3060, 00000000:17:00.0, 12288, 10651, 72, 82, 169.58, 170.00, 1725, 7301, 100, 3, 16
2026/09/29 15:03:16.386, 1, NVIDIA GeForce RTX 3060, 00000000:65:00.0, 12288, 10724, 85, 90, 169.86, 170.00, 1717, 7301, 100, 3, 16
2026/09/29 15:03:18.434, 0, NVIDIA GeForce RTX 3060, 00000000:17:00.0, 12288, 10651, 72, 82, 169.27, 170.00, 1732, 7301, 100, 3, 16
2026/09/29 15:03:18.447, 1, NVIDIA GeForce RTX 3060, 00000000:65:00.0, 12288, 10724, 84, 90, 168.96, 170.00, 1725, 7301, 100, 3, 16
2026/09/29 15:03:20.495, 0, NVIDIA GeForce RTX 3060, 00000000:17:00.0, 12288, 10651, 72, 82, 169.82, 170.00, 1725, 7301, 100, 3, 16
2026/09/29 15:03:20.507, 1, NVIDIA GeForce RTX 3060, 00000000:65:00.0, 12288, 10724, 85, 90, 169.54, 170.00, 1710, 7301, 100, 3, 16
2026/09/29 15:03:22.551, 0, NVIDIA GeForce RTX 3060, 00000000:17:00.0, 12288, 10651, 73, 82, 169.77, 170.00, 1725, 7301, 100, 3, 16
2026/09/29 15:03:22.563, 1, NVIDIA GeForce RTX 3060, 00000000:65:00.0, 12288, 10724, 84, 90, 169.56, 170.00, 1702, 7301, 100, 3, 16
2026/09/29 15:03:24.609, 0, NVIDIA GeForce RTX 3060, 00000000:17:00.0, 12288, 10651, 72, 82, 169.90, 170.00, 1725, 7301, 100, 3, 16
2026/09/29 15:03:24.621, 1, NVIDIA GeForce RTX 3060, 00000000:65:00.0, 12288, 10724, 85, 90, 169.84, 170.00, 1717, 7301, 100, 3, 16
2026/09/29 15:03:26.667, 0, NVIDIA GeForce RTX 3060, 00000000:17:00.0, 12288, 10651, 72, 82, 169.19, 170.00, 1732, 7301, 100, 3, 16
2026/09/29 15:03:26.681, 1, NVIDIA GeForce RTX 3060, 00000000:65:00.0, 12288, 10724, 85, 90, 170.88, 170.00, 1732, 7301, 100, 3, 16
2026/09/29 15:03:28.726, 0, NVIDIA GeForce RTX 3060, 00000000:17:00.0, 12288, 10651, 73, 81, 169.93, 170.00, 1725, 7301, 100, 3, 16
2026/09/29 15:03:28.738, 1, NVIDIA GeForce RTX 3060, 00000000:65:00.0, 12288, 10724, 85, 90, 169.82, 170.00, 1702, 7301, 100, 3, 16
2026/09/29 15:03:30.784, 0, NVIDIA GeForce RTX 3060, 00000000:17:00.0, 12288, 10651, 72, 81, 169.80, 170.00, 1710, 7301, 100, 3, 16
2026/09/29 15:03:30.797, 1, NVIDIA GeForce RTX 3060, 00000000:65:00.0, 12288, 10724, 85, 90, 169.72, 170.00, 1702, 7301, 100, 3, 16
2026/09/29 15:03:32.846, 0, NVIDIA GeForce RTX 3060, 00000000:17:00.0, 12288, 10651, 73, 81, 170.00, 170.00, 1725, 7301, 100, 3, 16
2026/09/29 15:03:32.860, 1, NVIDIA GeForce RTX 3060, 00000000:65:00.0, 12288, 10724, 84, 90, 169.56, 170.00, 1702, 7301, 100, 3, 16
2026/09/29 15:03:34.905, 0, NVIDIA GeForce RTX 3060, 00000000:17:00.0, 12288, 10651, 72, 81, 169.87, 170.00, 1725, 7301, 100, 3, 16
2026/09/29 15:03:34.918, 1, NVIDIA GeForce RTX 3060, 00000000:65:00.0, 12288, 10724, 85, 90, 169.76, 170.00, 1695, 7301, 100, 3, 16
2026/09/29 15:03:36.964, 0, NVIDIA GeForce RTX 3060, 00000000:17:00.0, 12288, 10651, 73, 82, 169.72, 170.00, 1732, 7301, 100, 3, 16
2026/09/29 15:03:36.976, 1, NVIDIA GeForce RTX 3060, 00000000:65:00.0, 12288, 10724, 85, 90, 169.79, 170.00, 1702, 7301, 100, 3, 16
2026/09/29 15:03:39.021, 0, NVIDIA GeForce RTX 3060, 00000000:17:00.0, 12288, 10651, 72, 82, 169.72, 170.00, 1725, 7301, 100, 3, 16
2026/09/29 15:03:39.037, 1, NVIDIA GeForce RTX 3060, 00000000:65:00.0, 12288, 10724, 85, 90, 169.80, 170.00, 1702, 7301, 100, 3, 16
2026/09/29 15:03:41.088, 0, NVIDIA GeForce RTX 3060, 00000000:17:00.0, 12288, 10651, 73, 82, 169.95, 170.00, 1725, 7301, 100, 3, 16
2026/09/29 15:03:41.101, 1, NVIDIA GeForce RTX 3060, 00000000:65:00.0, 12288, 10724, 85, 91, 169.84, 170.00, 1702, 7301, 100, 3, 16
2026/09/29 15:03:43.151, 0, NVIDIA GeForce RTX 3060, 00000000:17:00.0, 12288, 10651, 73, 82, 170.05, 170.00, 1725, 7301, 100, 3, 16
2026/09/29 15:03:43.165, 1, NVIDIA GeForce RTX 3060, 00000000:65:00.0, 12288, 10724, 84, 91, 169.78, 170.00, 1702, 7301, 100, 3, 16
2026/09/29 15:03:45.214, 0, NVIDIA GeForce RTX 3060, 00000000:17:00.0, 12288, 10651, 72, 81, 169.70, 170.00, 1710, 7301, 100, 3, 16
2026/09/29 15:03:45.234, 1, NVIDIA GeForce RTX 3060, 00000000:65:00.0, 12288, 10724, 84, 91, 169.43, 170.00, 1695, 7301, 100, 3, 16
2026/09/29 15:03:47.282, 0, NVIDIA GeForce RTX 3060, 00000000:17:00.0, 12288, 10651, 72, 82, 169.65, 170.00, 1717, 7301, 100, 3, 16
2026/09/29 15:03:47.297, 1, NVIDIA GeForce RTX 3060, 00000000:65:00.0, 12288, 10724, 84, 91, 169.59, 170.00, 1702, 7301, 100, 3, 16
2026/09/29 15:03:49.343, 0, NVIDIA GeForce RTX 3060, 00000000:17:00.0, 12288, 10651, 72, 82, 169.58, 170.00, 1725, 7301, 100, 3, 16
2026/09/29 15:03:49.364, 1, NVIDIA GeForce RTX 3060, 00000000:65:00.0, 12288, 10724, 84, 90, 169.68, 170.00, 1695, 7301, 100, 3, 16
2026/09/29 15:03:51.412, 0, NVIDIA GeForce RTX 3060, 00000000:17:00.0, 12288, 10651, 73, 82, 169.52, 170.00, 1710, 7301, 100, 3, 16
2026/09/29 15:03:51.427, 1, NVIDIA GeForce RTX 3060, 00000000:65:00.0, 12288, 10724, 84, 91, 169.50, 170.00, 1695, 7301, 100, 3, 16
2026/09/29 15:03:53.476, 0, NVIDIA GeForce RTX 3060, 00000000:17:00.0, 12288, 10651, 72, 81, 169.71, 170.00, 1725, 7301, 100, 3, 16
2026/09/29 15:03:53.489, 1, NVIDIA GeForce RTX 3060, 00000000:65:00.0, 12288, 10724, 84, 91, 169.90, 170.00, 1702, 7301, 100, 3, 16
2026/09/29 15:03:55.532, 0, NVIDIA GeForce RTX 3060, 00000000:17:00.0, 12288, 10651, 72, 82, 169.62, 170.00, 1725, 7301, 100, 3, 16
2026/09/29 15:03:55.544, 1, NVIDIA GeForce RTX 3060, 00000000:65:00.0, 12288, 10724, 85, 90, 168.99, 170.00, 1702, 7301, 100, 3, 16
2026/09/29 15:03:57.590, 0, NVIDIA GeForce RTX 3060, 00000000:17:00.0, 12288, 10651, 73, 82, 170.04, 170.00, 1680, 7301, 100, 3, 16
2026/09/29 15:03:57.602, 1, NVIDIA GeForce RTX 3060, 00000000:65:00.0, 12288, 10724, 84, 91, 169.50, 170.00, 1702, 7301, 100, 3, 16
2026/09/29 15:03:59.647, 0, NVIDIA GeForce RTX 3060, 00000000:17:00.0, 12288, 10651, 72, 82, 169.41, 170.00, 1717, 7301, 100, 3, 16
2026/09/29 15:03:59.662, 1, NVIDIA GeForce RTX 3060, 00000000:65:00.0, 12288, 10724, 85, 91, 169.83, 170.00, 1732, 7301, 100, 3, 16
2026/09/29 15:04:01.705, 0, NVIDIA GeForce RTX 3060, 00000000:17:00.0, 12288, 10651, 73, 82, 169.76, 170.00, 1717, 7301, 100, 3, 16
2026/09/29 15:04:01.716, 1, NVIDIA GeForce RTX 3060, 00000000:65:00.0, 12288, 10724, 85, 91, 169.85, 170.00, 1732, 7301, 100, 3, 16
2026/09/29 15:04:03.767, 0, NVIDIA GeForce RTX 3060, 00000000:17:00.0, 12288, 10651, 73, 82, 169.84, 170.00, 1710, 7301, 100, 3, 16
2026/09/29 15:04:03.781, 1, NVIDIA GeForce RTX 3060, 00000000:65:00.0, 12288, 10724, 85, 91, 169.01, 170.00, 1867, 7301, 100, 3, 16
2026/09/29 15:04:05.828, 0, NVIDIA GeForce RTX 3060, 00000000:17:00.0, 12288, 10651, 73, 82, 170.08, 170.00, 1717, 7301, 100, 3, 16
2026/09/29 15:04:05.841, 1, NVIDIA GeForce RTX 3060, 00000000:65:00.0, 12288, 10724, 85, 91, 169.80, 170.00, 1740, 7301, 100, 3, 16
2026/09/29 15:04:07.888, 0, NVIDIA GeForce RTX 3060, 00000000:17:00.0, 12288, 10651, 72, 82, 169.12, 170.00, 1725, 7301, 100, 3, 16
2026/09/29 15:04:07.902, 1, NVIDIA GeForce RTX 3060, 00000000:65:00.0, 12288, 10724, 85, 91, 169.80, 170.00, 1732, 7301, 100, 3, 16
2026/09/29 15:04:09.948, 0, NVIDIA GeForce RTX 3060, 00000000:17:00.0, 12288, 10651, 73, 81, 169.09, 170.00, 1860, 7301, 100, 3, 16
2026/09/29 15:04:09.962, 1, NVIDIA GeForce RTX 3060, 00000000:65:00.0, 12288, 10724, 85, 91, 169.79, 170.00, 1717, 7301, 100, 3, 16
2026/09/29 15:04:12.010, 0, NVIDIA GeForce RTX 3060, 00000000:17:00.0, 12288, 10651, 72, 82, 169.69, 170.00, 1725, 7301, 100, 3, 16
2026/09/29 15:04:12.023, 1, NVIDIA GeForce RTX 3060, 00000000:65:00.0, 12288, 10724, 85, 91, 170.00, 170.00, 1702, 7301, 100, 3, 16
2026/09/29 15:04:14.075, 0, NVIDIA GeForce RTX 3060, 00000000:17:00.0, 12288, 10651, 73, 82, 169.76, 170.00, 1725, 7301, 100, 3, 16
2026/09/29 15:04:14.088, 1, NVIDIA GeForce RTX 3060, 00000000:65:00.0, 12288, 10724, 85, 91, 169.72, 170.00, 1702, 7301, 100, 3, 16
2026/09/29 15:04:16.133, 0, NVIDIA GeForce RTX 3060, 00000000:17:00.0, 12288, 10651, 73, 82, 169.68, 170.00, 1725, 7301, 100, 3, 16
2026/09/29 15:04:16.147, 1, NVIDIA GeForce RTX 3060, 00000000:65:00.0, 12288, 10726, 85, 91, 169.73, 170.00, 1702, 7301, 100, 3, 16
2026/09/29 15:04:18.193, 0, NVIDIA GeForce RTX 3060, 00000000:17:00.0, 12288, 10651, 72, 82, 169.70, 170.00, 1725, 7301, 100, 3, 16
2026/09/29 15:04:18.206, 1, NVIDIA GeForce RTX 3060, 00000000:65:00.0, 12288, 10724, 85, 91, 169.44, 170.00, 1695, 7301, 100, 3, 16
2026/09/29 15:04:20.258, 0, NVIDIA GeForce RTX 3060, 00000000:17:00.0, 12288, 10651, 73, 82, 169.46, 170.00, 1717, 7301, 100, 3, 16
2026/09/29 15:04:20.272, 1, NVIDIA GeForce RTX 3060, 00000000:65:00.0, 12288, 10724, 85, 91, 169.59, 170.00, 1695, 7301, 100, 3, 16
2026/09/29 15:04:22.322, 0, NVIDIA GeForce RTX 3060, 00000000:17:00.0, 12288, 10651, 72, 82, 169.57, 170.00, 1725, 7301, 100, 3, 16
2026/09/29 15:04:22.335, 1, NVIDIA GeForce RTX 3060, 00000000:65:00.0, 12288, 10724, 85, 91, 169.43, 170.00, 1717, 7301, 100, 3, 16
2026/09/29 15:04:24.384, 0, NVIDIA GeForce RTX 3060, 00000000:17:00.0, 12288, 10651, 72, 82, 169.65, 170.00, 1725, 7301, 100, 3, 16
2026/09/29 15:04:24.396, 1, NVIDIA GeForce RTX 3060, 00000000:65:00.0, 12288, 10724, 85, 91, 169.84, 170.00, 1717, 7301, 100, 3, 16
2026/09/29 15:04:26.443, 0, NVIDIA GeForce RTX 3060, 00000000:17:00.0, 12288, 10651, 72, 81, 169.83, 170.00, 1717, 7301, 100, 3, 16
2026/09/29 15:04:26.457, 1, NVIDIA GeForce RTX 3060, 00000000:65:00.0, 12288, 10724, 85, 91, 169.70, 170.00, 1702, 7301, 100, 3, 16
2026/09/29 15:04:28.506, 0, NVIDIA GeForce RTX 3060, 00000000:17:00.0, 12288, 10651, 73, 82, 169.80, 170.00, 1732, 7301, 100, 3, 16
2026/09/29 15:04:28.518, 1, NVIDIA GeForce RTX 3060, 00000000:65:00.0, 12288, 10724, 85, 91, 169.67, 170.00, 1717, 7301, 100, 3, 16
2026/09/29 15:04:30.565, 0, NVIDIA GeForce RTX 3060, 00000000:17:00.0, 12288, 10651, 72, 82, 169.64, 170.00, 1717, 7301, 100, 3, 16
2026/09/29 15:04:30.578, 1, NVIDIA GeForce RTX 3060, 00000000:65:00.0, 12288, 10724, 85, 91, 170.77, 170.00, 1717, 7301, 100, 3, 16
2026/09/29 15:04:32.627, 0, NVIDIA GeForce RTX 3060, 00000000:17:00.0, 12288, 10651, 73, 82, 169.65, 170.00, 1740, 7301, 100, 3, 16
2026/09/29 15:04:32.640, 1, NVIDIA GeForce RTX 3060, 00000000:65:00.0, 12288, 10724, 85, 91, 169.57, 170.00, 1702, 7301, 100, 3, 16
2026/09/29 15:04:34.687, 0, NVIDIA GeForce RTX 3060, 00000000:17:00.0, 12288, 10651, 73, 82, 169.93, 170.00, 1710, 7301, 100, 3, 16
2026/09/29 15:04:34.699, 1, NVIDIA GeForce RTX 3060, 00000000:65:00.0, 12288, 10724, 85, 91, 169.52, 170.00, 1702, 7301, 100, 3, 16
2026/09/29 15:04:36.744, 0, NVIDIA GeForce RTX 3060, 00000000:17:00.0, 12288, 10651, 72, 82, 169.84, 170.00, 1725, 7301, 100, 3, 16
2026/09/29 15:04:36.757, 1, NVIDIA GeForce RTX 3060, 00000000:65:00.0, 12288, 10724, 85, 91, 169.80, 170.00, 1710, 7301, 100, 3, 16
2026/09/29 15:04:38.806, 0, NVIDIA GeForce RTX 3060, 00000000:17:00.0, 12288, 10651, 72, 82, 169.55, 170.00, 1710, 7301, 100, 3, 16
2026/09/29 15:04:38.820, 1, NVIDIA GeForce RTX 3060, 00000000:65:00.0, 12288, 10724, 85, 91, 170.01, 170.00, 1717, 7301, 100, 3, 16
2026/09/29 15:04:40.871, 0, NVIDIA GeForce RTX 3060, 00000000:17:00.0, 12288, 10651, 72, 82, 169.53, 170.00, 1710, 7301, 100, 3, 16
2026/09/29 15:04:40.887, 1, NVIDIA GeForce RTX 3060, 00000000:65:00.0, 12288, 10724, 85, 91, 170.03, 170.00, 1710, 7301, 100, 3, 16
2026/09/29 15:04:42.938, 0, NVIDIA GeForce RTX 3060, 00000000:17:00.0, 12288, 10651, 72, 82, 169.92, 170.00, 1725, 7301, 100, 3, 16
2026/09/29 15:04:42.950, 1, NVIDIA GeForce RTX 3060, 00000000:65:00.0, 12288, 10724, 85, 91, 169.68, 170.00, 1695, 7301, 100, 3, 16
2026/09/29 15:04:44.997, 0, NVIDIA GeForce RTX 3060, 00000000:17:00.0, 12288, 10651, 72, 82, 169.64, 170.00, 1725, 7301, 100, 3, 16
2026/09/29 15:04:45.015, 1, NVIDIA GeForce RTX 3060, 00000000:65:00.0, 12288, 10724, 85, 91, 169.71, 170.00, 1710, 7301, 100, 3, 16
2026/09/29 15:04:47.057, 0, NVIDIA GeForce RTX 3060, 00000000:17:00.0, 12288, 10651, 73, 82, 169.82, 170.00, 1740, 7301, 100, 3, 16
2026/09/29 15:04:47.069, 1, NVIDIA GeForce RTX 3060, 00000000:65:00.0, 12288, 10724, 85, 91, 169.67, 170.00, 1717, 7301, 100, 3, 16
2026/09/29 15:04:49.115, 0, NVIDIA GeForce RTX 3060, 00000000:17:00.0, 12288, 10651, 73, 82, 169.93, 170.00, 1725, 7301, 100, 3, 16
2026/09/29 15:04:49.127, 1, NVIDIA GeForce RTX 3060, 00000000:65:00.0, 12288, 10724, 85, 91, 169.79, 170.00, 1702, 7301, 100, 3, 16
2026/09/29 15:04:51.175, 0, NVIDIA GeForce RTX 3060, 00000000:17:00.0, 12288, 10651, 72, 82, 169.77, 170.00, 1725, 7301, 100, 3, 16
2026/09/29 15:04:51.188, 1, NVIDIA GeForce RTX 3060, 00000000:65:00.0, 12288, 10724, 85, 91, 169.18, 170.00, 1732, 7301, 100, 3, 16
2026/09/29 15:04:53.237, 0, NVIDIA GeForce RTX 3060, 00000000:17:00.0, 12288, 10651, 72, 82, 169.49, 170.00, 1725, 7301, 100, 3, 16
2026/09/29 15:04:53.249, 1, NVIDIA GeForce RTX 3060, 00000000:65:00.0, 12288, 10724, 85, 91, 169.65, 170.00, 1702, 7301, 100, 3, 16
2026/09/29 15:04:55.296, 0, NVIDIA GeForce RTX 3060, 00000000:17:00.0, 12288, 10651, 72, 82, 169.77, 170.00, 1740, 7301, 100, 3, 16
2026/09/29 15:04:55.309, 1, NVIDIA GeForce RTX 3060, 00000000:65:00.0, 12288, 10724, 85, 91, 169.56, 170.00, 1725, 7301, 100, 3, 16
2026/09/29 15:04:57.357, 0, NVIDIA GeForce RTX 3060, 00000000:17:00.0, 12288, 10651, 73, 82, 169.83, 170.00, 1717, 7301, 100, 3, 16
2026/09/29 15:04:57.370, 1, NVIDIA GeForce RTX 3060, 00000000:65:00.0, 12288, 10724, 84, 91, 169.35, 170.00, 1717, 7301, 100, 3, 16
2026/09/29 15:04:59.418, 0, NVIDIA GeForce RTX 3060, 00000000:17:00.0, 12288, 10651, 72, 82, 169.64, 170.00, 1717, 7301, 100, 3, 16
2026/09/29 15:04:59.430, 1, NVIDIA GeForce RTX 3060, 00000000:65:00.0, 12288, 10724, 84, 91, 169.46, 170.00, 1717, 7301, 100, 3, 16
2026/09/29 15:05:01.477, 0, NVIDIA GeForce RTX 3060, 00000000:17:00.0, 12288, 10651, 73, 82, 170.11, 170.00, 1740, 7301, 100, 3, 16
2026/09/29 15:05:01.490, 1, NVIDIA GeForce RTX 3060, 00000000:65:00.0, 12288, 10724, 85, 91, 169.73, 170.00, 1695, 7301, 100, 3, 16
2026/09/29 15:05:03.536, 0, NVIDIA GeForce RTX 3060, 00000000:17:00.0, 12288, 10651, 72, 82, 168.31, 170.00, 1732, 7301, 100, 3, 16
2026/09/29 15:05:03.549, 1, NVIDIA GeForce RTX 3060, 00000000:65:00.0, 12288, 10724, 85, 91, 169.52, 170.00, 1725, 7301, 100, 3, 16
2026/09/29 15:05:05.595, 0, NVIDIA GeForce RTX 3060, 00000000:17:00.0, 12288, 10651, 72, 82, 170.03, 170.00, 1740, 7301, 100, 3, 16
2026/09/29 15:05:05.608, 1, NVIDIA GeForce RTX 3060, 00000000:65:00.0, 12288, 10724, 85, 91, 169.72, 170.00, 1702, 7301, 100, 3, 16
2026/09/29 15:05:07.647, 0, NVIDIA GeForce RTX 3060, 00000000:17:00.0, 12288, 10651, 73, 82, 169.83, 170.00, 1725, 7301, 100, 3, 16
2026/09/29 15:05:07.659, 1, NVIDIA GeForce RTX 3060, 00000000:65:00.0, 12288, 10724, 84, 91, 169.65, 170.00, 1702, 7301, 100, 3, 16
2026/09/29 15:05:09.704, 0, NVIDIA GeForce RTX 3060, 00000000:17:00.0, 12288, 10651, 73, 82, 169.83, 170.00, 1725, 7301, 100, 3, 16
2026/09/29 15:05:09.719, 1, NVIDIA GeForce RTX 3060, 00000000:65:00.0, 12288, 10724, 85, 91, 169.68, 170.00, 1702, 7301, 100, 3, 16
2026/09/29 15:05:11.764, 0, NVIDIA GeForce RTX 3060, 00000000:17:00.0, 12288, 10651, 73, 82, 169.89, 170.00, 1710, 7301, 100, 3, 16
2026/09/29 15:05:11.776, 1, NVIDIA GeForce RTX 3060, 00000000:65:00.0, 12288, 10724, 85, 91, 169.75, 170.00, 1710, 7301, 100, 3, 16
2026/09/29 15:05:13.825, 0, NVIDIA GeForce RTX 3060, 00000000:17:00.0, 12288, 10651, 73, 82, 170.89, 170.00, 1725, 7301, 100, 3, 16
2026/09/29 15:05:13.839, 1, NVIDIA GeForce RTX 3060, 00000000:65:00.0, 12288, 10724, 85, 91, 169.86, 170.00, 1702, 7301, 100, 3, 16
2026/09/29 15:05:15.888, 0, NVIDIA GeForce RTX 3060, 00000000:17:00.0, 12288, 10651, 72, 82, 169.68, 170.00, 1717, 7301, 100, 3, 16
2026/09/29 15:05:15.901, 1, NVIDIA GeForce RTX 3060, 00000000:65:00.0, 12288, 10724, 85, 91, 169.31, 170.00, 1717, 7301, 100, 3, 16
2026/09/29 15:05:17.947, 0, NVIDIA GeForce RTX 3060, 00000000:17:00.0, 12288, 10651, 72, 82, 169.94, 170.00, 1725, 7301, 100, 3, 16
2026/09/29 15:05:17.960, 1, NVIDIA GeForce RTX 3060, 00000000:65:00.0, 12288, 10724, 85, 91, 169.93, 170.00, 1725, 7301, 100, 3, 16
2026/09/29 15:05:20.009, 0, NVIDIA GeForce RTX 3060, 00000000:17:00.0, 12288, 10651, 72, 82, 169.78, 170.00, 1725, 7301, 100, 3, 16
2026/09/29 15:05:20.028, 1, NVIDIA GeForce RTX 3060, 00000000:65:00.0, 12288, 10724, 85, 91, 170.03, 170.00, 1702, 7301, 100, 3, 16
2026/09/29 15:05:22.075, 0, NVIDIA GeForce RTX 3060, 00000000:17:00.0, 12288, 10651, 72, 82, 169.51, 170.00, 1717, 7301, 100, 3, 16
2026/09/29 15:05:22.087, 1, NVIDIA GeForce RTX 3060, 00000000:65:00.0, 12288, 10724, 85, 91, 169.81, 170.00, 1687, 7301, 100, 3, 16
2026/09/29 15:05:24.138, 0, NVIDIA GeForce RTX 3060, 00000000:17:00.0, 12288, 10651, 72, 82, 169.56, 170.00, 1725, 7301, 100, 3, 16
2026/09/29 15:05:24.152, 1, NVIDIA GeForce RTX 3060, 00000000:65:00.0, 12288, 10724, 85, 91, 169.41, 170.00, 1725, 7301, 100, 3, 16
2026/09/29 15:05:26.201, 0, NVIDIA GeForce RTX 3060, 00000000:17:00.0, 12288, 10651, 72, 82, 169.60, 170.00, 1725, 7301, 100, 3, 16
2026/09/29 15:05:26.214, 1, NVIDIA GeForce RTX 3060, 00000000:65:00.0, 12288, 10724, 84, 91, 169.96, 170.00, 1732, 7301, 100, 3, 16
2026/09/29 15:05:28.263, 0, NVIDIA GeForce RTX 3060, 00000000:17:00.0, 12288, 10651, 72, 82, 169.78, 170.00, 1732, 7301, 100, 3, 16
2026/09/29 15:05:28.276, 1, NVIDIA GeForce RTX 3060, 00000000:65:00.0, 12288, 10724, 85, 91, 169.56, 170.00, 1717, 7301, 100, 3, 16
2026/09/29 15:05:30.326, 0, NVIDIA GeForce RTX 3060, 00000000:17:00.0, 12288, 10651, 72, 82, 169.81, 170.00, 1725, 7301, 100, 3, 16
2026/09/29 15:05:30.339, 1, NVIDIA GeForce RTX 3060, 00000000:65:00.0, 12288, 10724, 84, 91, 169.33, 170.00, 1725, 7301, 100, 3, 16
2026/09/29 15:05:32.392, 0, NVIDIA GeForce RTX 3060, 00000000:17:00.0, 12288, 10651, 72, 82, 169.65, 170.00, 1725, 7301, 100, 3, 16
2026/09/29 15:05:32.404, 1, NVIDIA GeForce RTX 3060, 00000000:65:00.0, 12288, 10724, 85, 91, 169.46, 170.00, 1702, 7301, 100, 3, 16
2026/09/29 15:05:34.453, 0, NVIDIA GeForce RTX 3060, 00000000:17:00.0, 12288, 10651, 72, 82, 169.93, 170.00, 1725, 7301, 100, 3, 16
2026/09/29 15:05:34.467, 1, NVIDIA GeForce RTX 3060, 00000000:65:00.0, 12288, 10724, 84, 91, 169.47, 170.00, 1717, 7301, 100, 3, 16
2026/09/29 15:05:36.516, 0, NVIDIA GeForce RTX 3060, 00000000:17:00.0, 12288, 10651, 72, 82, 169.54, 170.00, 1710, 7301, 100, 3, 16
2026/09/29 15:05:36.535, 1, NVIDIA GeForce RTX 3060, 00000000:65:00.0, 12288, 10724, 84, 91, 169.52, 170.00, 1695, 7301, 100, 3, 16
2026/09/29 15:05:38.581, 0, NVIDIA GeForce RTX 3060, 00000000:17:00.0, 12288, 10651, 72, 82, 169.50, 170.00, 1725, 7301, 100, 3, 16
2026/09/29 15:05:38.593, 1, NVIDIA GeForce RTX 3060, 00000000:65:00.0, 12288, 10724, 84, 91, 169.24, 170.00, 1710, 7301, 100, 3, 16
2026/09/29 15:05:40.636, 0, NVIDIA GeForce RTX 3060, 00000000:17:00.0, 12288, 10651, 72, 82, 169.51, 170.00, 1725, 7301, 100, 3, 16
2026/09/29 15:05:40.648, 1, NVIDIA GeForce RTX 3060, 00000000:65:00.0, 12288, 10724, 85, 91, 169.88, 170.00, 1702, 7301, 100, 3, 16
2026/09/29 15:05:42.691, 0, NVIDIA GeForce RTX 3060, 00000000:17:00.0, 12288, 10651, 72, 81, 169.93, 170.00, 1725, 7301, 100, 3, 16
2026/09/29 15:05:42.705, 1, NVIDIA GeForce RTX 3060, 00000000:65:00.0, 12288, 10724, 85, 91, 169.65, 170.00, 1702, 7301, 100, 3, 16
2026/09/29 15:05:44.753, 0, NVIDIA GeForce RTX 3060, 00000000:17:00.0, 12288, 10651, 72, 82, 169.22, 170.00, 1725, 7301, 100, 3, 16
2026/09/29 15:05:44.768, 1, NVIDIA GeForce RTX 3060, 00000000:65:00.0, 12288, 10724, 85, 91, 169.82, 170.00, 1702, 7301, 100, 3, 16
2026/09/29 15:05:46.814, 0, NVIDIA GeForce RTX 3060, 00000000:17:00.0, 12288, 10651, 72, 82, 169.81, 170.00, 1725, 7301, 100, 3, 16
2026/09/29 15:05:46.827, 1, NVIDIA GeForce RTX 3060, 00000000:65:00.0, 12288, 10724, 85, 91, 169.81, 170.00, 1717, 7301, 100, 3, 16
2026/09/29 15:05:48.872, 0, NVIDIA GeForce RTX 3060, 00000000:17:00.0, 12288, 10651, 72, 82, 169.67, 170.00, 1717, 7301, 100, 3, 16
2026/09/29 15:05:48.886, 1, NVIDIA GeForce RTX 3060, 00000000:65:00.0, 12288, 10724, 84, 91, 170.01, 170.00, 1710, 7301, 100, 3, 16
2026/09/29 15:05:50.934, 0, NVIDIA GeForce RTX 3060, 00000000:17:00.0, 12288, 10651, 72, 82, 169.81, 170.00, 1725, 7301, 100, 3, 16
2026/09/29 15:05:50.946, 1, NVIDIA GeForce RTX 3060, 00000000:65:00.0, 12288, 10724, 85, 91, 170.03, 170.00, 1695, 7301, 100, 3, 16
2026/09/29 15:05:52.994, 0, NVIDIA GeForce RTX 3060, 00000000:17:00.0, 12288, 10651, 72, 82, 169.58, 170.00, 1725, 7301, 100, 3, 16
2026/09/29 15:05:53.008, 1, NVIDIA GeForce RTX 3060, 00000000:65:00.0, 12288, 10724, 85, 91, 169.95, 170.00, 1702, 7301, 100, 3, 16
2026/09/29 15:05:55.056, 0, NVIDIA GeForce RTX 3060, 00000000:17:00.0, 12288, 10651, 72, 82, 169.99, 170.00, 1725, 7301, 100, 3, 16
2026/09/29 15:05:55.069, 1, NVIDIA GeForce RTX 3060, 00000000:65:00.0, 12288, 10724, 85, 91, 169.40, 170.00, 1710, 7301, 100, 3, 16
2026/09/29 15:05:57.121, 0, NVIDIA GeForce RTX 3060, 00000000:17:00.0, 12288, 10651, 72, 82, 169.64, 170.00, 1732, 7301, 100, 3, 16
2026/09/29 15:05:57.133, 1, NVIDIA GeForce RTX 3060, 00000000:65:00.0, 12288, 10724, 84, 91, 169.37, 170.00, 1702, 7301, 100, 3, 16
2026/09/29 15:05:59.185, 0, NVIDIA GeForce RTX 3060, 00000000:17:00.0, 12288, 10651, 73, 82, 169.88, 170.00, 1725, 7301, 100, 3, 16
2026/09/29 15:05:59.198, 1, NVIDIA GeForce RTX 3060, 00000000:65:00.0, 12288, 10724, 84, 91, 169.52, 170.00, 1717, 7301, 100, 3, 16
2026/09/29 15:06:01.244, 0, NVIDIA GeForce RTX 3060, 00000000:17:00.0, 12288, 10651, 73, 81, 169.84, 170.00, 1725, 7301, 100, 3, 16
2026/09/29 15:06:01.259, 1, NVIDIA GeForce RTX 3060, 00000000:65:00.0, 12288, 10724, 84, 91, 169.51, 170.00, 1717, 7301, 100, 3, 16
2026/09/29 15:06:03.309, 0, NVIDIA GeForce RTX 3060, 00000000:17:00.0, 12288, 10651, 72, 82, 169.86, 170.00, 1725, 7301, 100, 3, 16
2026/09/29 15:06:03.323, 1, NVIDIA GeForce RTX 3060, 00000000:65:00.0, 12288, 10724, 84, 91, 169.04, 170.00, 1717, 7301, 100, 3, 16
2026/09/29 15:06:05.371, 0, NVIDIA GeForce RTX 3060, 00000000:17:00.0, 12288, 10651, 73, 81, 169.76, 170.00, 1725, 7301, 100, 3, 16
2026/09/29 15:06:05.384, 1, NVIDIA GeForce RTX 3060, 00000000:65:00.0, 12288, 10724, 84, 91, 169.62, 170.00, 1725, 7301, 100, 3, 16
2026/09/29 15:06:07.429, 0, NVIDIA GeForce RTX 3060, 00000000:17:00.0, 12288, 10651, 73, 82, 169.72, 170.00, 1740, 7301, 100, 3, 16
2026/09/29 15:06:07.441, 1, NVIDIA GeForce RTX 3060, 00000000:65:00.0, 12288, 10724, 84, 91, 169.68, 170.00, 1702, 7301, 100, 3, 16
2026/09/29 15:06:09.483, 0, NVIDIA GeForce RTX 3060, 00000000:17:00.0, 12288, 10651, 72, 82, 169.92, 170.00, 1710, 7301, 100, 3, 16
2026/09/29 15:06:09.502, 1, NVIDIA GeForce RTX 3060, 00000000:65:00.0, 12288, 10724, 84, 91, 169.56, 170.00, 1702, 7301, 100, 3, 16
2026/09/29 15:06:11.546, 0, NVIDIA GeForce RTX 3060, 00000000:17:00.0, 12288, 10651, 72, 82, 169.48, 170.00, 1740, 7301, 100, 3, 16
2026/09/29 15:06:11.559, 1, NVIDIA GeForce RTX 3060, 00000000:65:00.0, 12288, 10724, 84, 91, 169.45, 170.00, 1695, 7301, 100, 3, 16
2026/09/29 15:06:13.601, 0, NVIDIA GeForce RTX 3060, 00000000:17:00.0, 12288, 10651, 73, 82, 170.03, 170.00, 1725, 7301, 100, 3, 16
2026/09/29 15:06:13.613, 1, NVIDIA GeForce RTX 3060, 00000000:65:00.0, 12288, 10724, 84, 91, 169.35, 170.00, 1702, 7301, 100, 3, 16
2026/09/29 15:06:15.657, 0, NVIDIA GeForce RTX 3060, 00000000:17:00.0, 12288, 10651, 73, 82, 169.71, 170.00, 1740, 7301, 100, 3, 16
2026/09/29 15:06:15.670, 1, NVIDIA GeForce RTX 3060, 00000000:65:00.0, 12288, 10724, 85, 91, 169.90, 170.00, 1702, 7301, 100, 3, 16
2026/09/29 15:06:17.718, 0, NVIDIA GeForce RTX 3060, 00000000:17:00.0, 12288, 10651, 72, 82, 169.69, 170.00, 1717, 7301, 100, 3, 16
2026/09/29 15:06:17.730, 1, NVIDIA GeForce RTX 3060, 00000000:65:00.0, 12288, 10724, 85, 91, 169.77, 170.00, 1702, 7301, 100, 3, 16
2026/09/29 15:06:19.772, 0, NVIDIA GeForce RTX 3060, 00000000:17:00.0, 12288, 10651, 73, 82, 169.66, 170.00, 1725, 7301, 100, 3, 16
2026/09/29 15:06:19.784, 1, NVIDIA GeForce RTX 3060, 00000000:65:00.0, 12288, 10724, 84, 91, 169.66, 170.00, 1710, 7301, 100, 3, 16
2026/09/29 15:06:21.830, 0, NVIDIA GeForce RTX 3060, 00000000:17:00.0, 12288, 10651, 72, 82, 169.84, 170.00, 1725, 7301, 100, 3, 16
2026/09/29 15:06:21.843, 1, NVIDIA GeForce RTX 3060, 00000000:65:00.0, 12288, 10724, 84, 91, 169.86, 170.00, 1702, 7301, 100, 3, 16
2026/09/29 15:06:23.890, 0, NVIDIA GeForce RTX 3060, 00000000:17:00.0, 12288, 10651, 73, 82, 169.86, 170.00, 1725, 7301, 100, 3, 16
2026/09/29 15:06:23.904, 1, NVIDIA GeForce RTX 3060, 00000000:65:00.0, 12288, 10724, 85, 91, 169.64, 170.00, 1702, 7301, 100, 3, 16
2026/09/29 15:06:25.952, 0, NVIDIA GeForce RTX 3060, 00000000:17:00.0, 12288, 10651, 73, 82, 169.62, 170.00, 1740, 7301, 100, 3, 16
2026/09/29 15:06:25.965, 1, NVIDIA GeForce RTX 3060, 00000000:65:00.0, 12288, 10724, 85, 91, 169.90, 170.00, 1710, 7301, 100, 3, 16
2026/09/29 15:06:28.011, 0, NVIDIA GeForce RTX 3060, 00000000:17:00.0, 12288, 10651, 72, 81, 169.71, 170.00, 1725, 7301, 100, 3, 16
2026/09/29 15:06:28.029, 1, NVIDIA GeForce RTX 3060, 00000000:65:00.0, 12288, 10724, 85, 91, 169.78, 170.00, 1710, 7301, 100, 3, 16
2026/09/29 15:06:30.074, 0, NVIDIA GeForce RTX 3060, 00000000:17:00.0, 12288, 10651, 72, 82, 169.46, 170.00, 1740, 7301, 100, 3, 16
2026/09/29 15:06:30.087, 1, NVIDIA GeForce RTX 3060, 00000000:65:00.0, 12288, 10724, 85, 91, 170.21, 170.00, 1717, 7301, 100, 3, 16
2026/09/29 15:06:32.133, 0, NVIDIA GeForce RTX 3060, 00000000:17:00.0, 12288, 10651, 72, 82, 169.74, 170.00, 1710, 7301, 100, 3, 16
2026/09/29 15:06:32.146, 1, NVIDIA GeForce RTX 3060, 00000000:65:00.0, 12288, 10724, 84, 91, 169.37, 170.00, 1732, 7301, 100, 3, 16
2026/09/29 15:06:34.194, 0, NVIDIA GeForce RTX 3060, 00000000:17:00.0, 12288, 10651, 73, 82, 169.63, 170.00, 1740, 7301, 100, 3, 16
2026/09/29 15:06:34.207, 1, NVIDIA GeForce RTX 3060, 00000000:65:00.0, 12288, 10724, 84, 91, 169.66, 170.00, 1702, 7301, 100, 3, 16
2026/09/29 15:06:36.257, 0, NVIDIA GeForce RTX 3060, 00000000:17:00.0, 12288, 10651, 73, 82, 169.79, 170.00, 1725, 7301, 100, 3, 16
2026/09/29 15:06:36.271, 1, NVIDIA GeForce RTX 3060, 00000000:65:00.0, 12288, 10724, 85, 91, 169.75, 170.00, 1732, 7301, 100, 3, 16
2026/09/29 15:06:38.320, 0, NVIDIA GeForce RTX 3060, 00000000:17:00.0, 12288, 10651, 72, 82, 169.19, 170.00, 1747, 7301, 100, 3, 16
2026/09/29 15:06:38.342, 1, NVIDIA GeForce RTX 3060, 00000000:65:00.0, 12288, 10724, 84, 91, 169.52, 170.00, 1695, 7301, 100, 3, 16
2026/09/29 15:06:40.389, 0, NVIDIA GeForce RTX 3060, 00000000:17:00.0, 12288, 10651, 72, 82, 169.88, 170.00, 1725, 7301, 100, 3, 16
2026/09/29 15:06:40.402, 1, NVIDIA GeForce RTX 3060, 00000000:65:00.0, 12288, 10724, 84, 91, 168.99, 170.00, 1717, 7301, 100, 3, 16
2026/09/29 15:06:42.447, 0, NVIDIA GeForce RTX 3060, 00000000:17:00.0, 12288, 10651, 73, 82, 170.49, 170.00, 1732, 7301, 100, 3, 16
2026/09/29 15:06:42.459, 1, NVIDIA GeForce RTX 3060, 00000000:65:00.0, 12288, 10724, 84, 91, 169.38, 170.00, 1702, 7301, 100, 3, 16
2026/09/29 15:06:44.503, 0, NVIDIA GeForce RTX 3060, 00000000:17:00.0, 12288, 10651, 72, 82, 169.66, 170.00, 1740, 7301, 100, 3, 16
2026/09/29 15:06:44.515, 1, NVIDIA GeForce RTX 3060, 00000000:65:00.0, 12288, 10724, 84, 91, 169.67, 170.00, 1702, 7301, 100, 3, 16
2026/09/29 15:06:46.561, 0, NVIDIA GeForce RTX 3060, 00000000:17:00.0, 12288, 10651, 72, 82, 169.88, 170.00, 1725, 7301, 100, 3, 16
2026/09/29 15:06:46.574, 1, NVIDIA GeForce RTX 3060, 00000000:65:00.0, 12288, 10724, 84, 91, 169.67, 170.00, 1687, 7301, 100, 3, 16
2026/09/29 15:06:48.619, 0, NVIDIA GeForce RTX 3060, 00000000:17:00.0, 12288, 10651, 72, 82, 169.64, 170.00, 1740, 7301, 100, 3, 16
2026/09/29 15:06:48.634, 1, NVIDIA GeForce RTX 3060, 00000000:65:00.0, 12288, 10724, 85, 91, 169.95, 170.00, 1815, 7301, 100, 3, 16
2026/09/29 15:06:50.680, 0, NVIDIA GeForce RTX 3060, 00000000:17:00.0, 12288, 10651, 72, 82, 169.71, 170.00, 1717, 7301, 100, 3, 16
2026/09/29 15:06:50.695, 1, NVIDIA GeForce RTX 3060, 00000000:65:00.0, 12288, 10724, 84, 91, 169.79, 170.00, 1717, 7301, 100, 3, 16
2026/09/29 15:06:52.738, 0, NVIDIA GeForce RTX 3060, 00000000:17:00.0, 12288, 10651, 73, 82, 169.63, 170.00, 1732, 7301, 100, 3, 16
2026/09/29 15:06:52.750, 1, NVIDIA GeForce RTX 3060, 00000000:65:00.0, 12288, 10724, 84, 91, 169.79, 170.00, 1702, 7301, 100, 3, 16
2026/09/29 15:06:54.795, 0, NVIDIA GeForce RTX 3060, 00000000:17:00.0, 12288, 10651, 72, 82, 169.88, 170.00, 1717, 7301, 100, 3, 16
2026/09/29 15:06:54.807, 1, NVIDIA GeForce RTX 3060, 00000000:65:00.0, 12288, 10724, 84, 91, 169.76, 170.00, 1710, 7301, 100, 3, 16
2026/09/29 15:06:56.854, 0, NVIDIA GeForce RTX 3060, 00000000:17:00.0, 12288, 10651, 73, 82, 169.83, 170.00, 1732, 7301, 100, 3, 16
2026/09/29 15:06:56.867, 1, NVIDIA GeForce RTX 3060, 00000000:65:00.0, 12288, 10724, 84, 91, 169.59, 170.00, 1702, 7301, 100, 3, 16
2026/09/29 15:06:58.918, 0, NVIDIA GeForce RTX 3060, 00000000:17:00.0, 12288, 10651, 73, 82, 169.75, 170.00, 1732, 7301, 100, 3, 16
2026/09/29 15:06:58.931, 1, NVIDIA GeForce RTX 3060, 00000000:65:00.0, 12288, 10724, 85, 91, 169.83, 170.00, 1710, 7301, 100, 3, 16
2026/09/29 15:07:00.978, 0, NVIDIA GeForce RTX 3060, 00000000:17:00.0, 12288, 10651, 72, 82, 169.84, 170.00, 1710, 7301, 100, 3, 16
2026/09/29 15:07:00.991, 1, NVIDIA GeForce RTX 3060, 00000000:65:00.0, 12288, 10724, 85, 91, 169.87, 170.00, 1702, 7301, 100, 3, 16
2026/09/29 15:07:03.038, 0, NVIDIA GeForce RTX 3060, 00000000:17:00.0, 12288, 10651, 72, 82, 169.55, 170.00, 1725, 7301, 100, 3, 16
2026/09/29 15:07:03.051, 1, NVIDIA GeForce RTX 3060, 00000000:65:00.0, 12288, 10724, 84, 91, 169.84, 170.00, 1717, 7301, 100, 3, 16
2026/09/29 15:07:05.099, 0, NVIDIA GeForce RTX 3060, 00000000:17:00.0, 12288, 10651, 73, 82, 169.71, 170.00, 1717, 7301, 100, 3, 16
2026/09/29 15:07:05.111, 1, NVIDIA GeForce RTX 3060, 00000000:65:00.0, 12288, 10724, 84, 91, 169.76, 170.00, 1717, 7301, 100, 3, 16
2026/09/29 15:07:07.156, 0, NVIDIA GeForce RTX 3060, 00000000:17:00.0, 12288, 10651, 72, 82, 169.73, 170.00, 1732, 7301, 100, 3, 16
2026/09/29 15:07:07.169, 1, NVIDIA GeForce RTX 3060, 00000000:65:00.0, 12288, 10724, 84, 91, 169.56, 170.00, 1702, 7301, 100, 3, 16
2026/09/29 15:07:09.211, 0, NVIDIA GeForce RTX 3060, 00000000:17:00.0, 12288, 10651, 73, 82, 170.10, 170.00, 1680, 7301, 100, 3, 16
2026/09/29 15:07:09.224, 1, NVIDIA GeForce RTX 3060, 00000000:65:00.0, 12288, 10724, 85, 91, 169.71, 170.00, 1695, 7301, 100, 3, 16
2026/09/29 15:07:11.272, 0, NVIDIA GeForce RTX 3060, 00000000:17:00.0, 12288, 10651, 72, 82, 169.39, 170.00, 1732, 7301, 100, 3, 16
2026/09/29 15:07:11.285, 1, NVIDIA GeForce RTX 3060, 00000000:65:00.0, 12288, 10724, 85, 91, 169.43, 170.00, 1702, 7301, 100, 3, 16
2026/09/29 15:07:13.332, 0, NVIDIA GeForce RTX 3060, 00000000:17:00.0, 12288, 10651, 73, 82, 169.90, 170.00, 1717, 7301, 100, 3, 16
2026/09/29 15:07:13.346, 1, NVIDIA GeForce RTX 3060, 00000000:65:00.0, 12288, 10724, 85, 91, 169.65, 170.00, 1702, 7301, 100, 3, 16
2026/09/29 15:07:15.395, 0, NVIDIA GeForce RTX 3060, 00000000:17:00.0, 12288, 10651, 72, 82, 169.71, 170.00, 1732, 7301, 100, 3, 16
2026/09/29 15:07:15.409, 1, NVIDIA GeForce RTX 3060, 00000000:65:00.0, 12288, 10724, 85, 91, 170.39, 170.00, 1702, 7301, 100, 3, 16
2026/09/29 15:07:17.457, 0, NVIDIA GeForce RTX 3060, 00000000:17:00.0, 12288, 10651, 72, 82, 169.77, 170.00, 1725, 7301, 100, 3, 16
2026/09/29 15:07:17.469, 1, NVIDIA GeForce RTX 3060, 00000000:65:00.0, 12288, 10724, 85, 91, 169.72, 170.00, 1717, 7301, 100, 3, 16
2026/09/29 15:07:19.515, 0, NVIDIA GeForce RTX 3060, 00000000:17:00.0, 12288, 10651, 72, 82, 169.69, 170.00, 1725, 7301, 100, 3, 16
2026/09/29 15:07:19.528, 1, NVIDIA GeForce RTX 3060, 00000000:65:00.0, 12288, 10724, 84, 91, 169.83, 170.00, 1702, 7301, 100, 3, 16
2026/09/29 15:07:21.570, 0, NVIDIA GeForce RTX 3060, 00000000:17:00.0, 12288, 10651, 72, 82, 169.14, 170.00, 1807, 7301, 100, 3, 16
2026/09/29 15:07:21.583, 1, NVIDIA GeForce RTX 3060, 00000000:65:00.0, 12288, 10724, 85, 91, 169.60, 170.00, 1725, 7301, 100, 3, 16
2026/09/29 15:07:23.633, 0, NVIDIA GeForce RTX 3060, 00000000:17:00.0, 12288, 10651, 72, 82, 169.67, 170.00, 1717, 7301, 100, 3, 16
2026/09/29 15:07:23.649, 1, NVIDIA GeForce RTX 3060, 00000000:65:00.0, 12288, 10724, 85, 91, 170.25, 170.00, 1732, 7301, 100, 3, 16
2026/09/29 15:07:25.693, 0, NVIDIA GeForce RTX 3060, 00000000:17:00.0, 12288, 10651, 72, 82, 169.72, 170.00, 1740, 7301, 100, 3, 16
2026/09/29 15:07:25.705, 1, NVIDIA GeForce RTX 3060, 00000000:65:00.0, 12288, 10724, 85, 91, 170.17, 170.00, 1725, 7301, 100, 3, 16
2026/09/29 15:07:27.749, 0, NVIDIA GeForce RTX 3060, 00000000:17:00.0, 12288, 10651, 73, 82, 169.83, 170.00, 1717, 7301, 100, 3, 16
2026/09/29 15:07:27.762, 1, NVIDIA GeForce RTX 3060, 00000000:65:00.0, 12288, 10724, 84, 91, 169.85, 170.00, 1717, 7301, 100, 3, 16
2026/09/29 15:07:29.808, 0, NVIDIA GeForce RTX 3060, 00000000:17:00.0, 12288, 10651, 72, 82, 169.66, 170.00, 1747, 7301, 100, 3, 16
2026/09/29 15:07:29.821, 1, NVIDIA GeForce RTX 3060, 00000000:65:00.0, 12288, 10724, 85, 91, 169.65, 170.00, 1717, 7301, 100, 3, 16
2026/09/29 15:07:31.866, 0, NVIDIA GeForce RTX 3060, 00000000:17:00.0, 12288, 10651, 72, 82, 169.42, 170.00, 1725, 7301, 100, 3, 16
2026/09/29 15:07:31.879, 1, NVIDIA GeForce RTX 3060, 00000000:65:00.0, 12288, 10724, 85, 91, 170.03, 170.00, 1702, 7301, 100, 3, 16
2026/09/29 15:07:33.926, 0, NVIDIA GeForce RTX 3060, 00000000:17:00.0, 12288, 10651, 72, 82, 169.71, 170.00, 1725, 7301, 100, 3, 16
2026/09/29 15:07:33.939, 1, NVIDIA GeForce RTX 3060, 00000000:65:00.0, 12288, 10724, 84, 91, 169.82, 170.00, 1702, 7301, 100, 3, 16
2026/09/29 15:07:35.987, 0, NVIDIA GeForce RTX 3060, 00000000:17:00.0, 12288, 10651, 72, 82, 170.61, 170.00, 1725, 7301, 100, 3, 16
2026/09/29 15:07:36.003, 1, NVIDIA GeForce RTX 3060, 00000000:65:00.0, 12288, 10724, 85, 91, 169.90, 170.00, 1702, 7301, 100, 3, 16
2026/09/29 15:07:38.051, 0, NVIDIA GeForce RTX 3060, 00000000:17:00.0, 12288, 10651, 72, 82, 169.66, 170.00, 1710, 7301, 100, 3, 16
2026/09/29 15:07:38.071, 1, NVIDIA GeForce RTX 3060, 00000000:65:00.0, 12288, 10724, 84, 91, 169.77, 170.00, 1717, 7301, 100, 3, 16
2026/09/29 15:07:40.119, 0, NVIDIA GeForce RTX 3060, 00000000:17:00.0, 12288, 10651, 72, 82, 169.46, 170.00, 1725, 7301, 100, 3, 16
2026/09/29 15:07:40.133, 1, NVIDIA GeForce RTX 3060, 00000000:65:00.0, 12288, 10724, 84, 91, 169.43, 170.00, 1702, 7301, 100, 3, 16
2026/09/29 15:07:42.182, 0, NVIDIA GeForce RTX 3060, 00000000:17:00.0, 12288, 10651, 72, 82, 169.84, 170.00, 1717, 7301, 100, 3, 16
2026/09/29 15:07:42.194, 1, NVIDIA GeForce RTX 3060, 00000000:65:00.0, 12288, 10724, 84, 91, 169.66, 170.00, 1702, 7301, 100, 3, 16
2026/09/29 15:07:44.242, 0, NVIDIA GeForce RTX 3060, 00000000:17:00.0, 12288, 10651, 72, 82, 169.53, 170.00, 1725, 7301, 100, 3, 16
2026/09/29 15:07:44.255, 1, NVIDIA GeForce RTX 3060, 00000000:65:00.0, 12288, 10724, 84, 91, 169.43, 170.00, 1702, 7301, 100, 3, 16
2026/09/29 15:07:46.303, 0, NVIDIA GeForce RTX 3060, 00000000:17:00.0, 12288, 10651, 73, 82, 170.04, 170.00, 1725, 7301, 100, 3, 16
2026/09/29 15:07:46.316, 1, NVIDIA GeForce RTX 3060, 00000000:65:00.0, 12288, 10724, 84, 91, 169.36, 170.00, 1710, 7301, 100, 3, 16
2026/09/29 15:07:48.364, 0, NVIDIA GeForce RTX 3060, 00000000:17:00.0, 12288, 10651, 72, 82, 169.69, 170.00, 1740, 7301, 100, 3, 16
2026/09/29 15:07:48.383, 1, NVIDIA GeForce RTX 3060, 00000000:65:00.0, 12288, 10724, 85, 91, 169.38, 170.00, 1710, 7301, 100, 3, 16
2026/09/29 15:07:50.430, 0, NVIDIA GeForce RTX 3060, 00000000:17:00.0, 12288, 10651, 72, 82, 169.84, 170.00, 1725, 7301, 100, 3, 16
2026/09/29 15:07:50.443, 1, NVIDIA GeForce RTX 3060, 00000000:65:00.0, 12288, 10724, 84, 91, 169.58, 170.00, 1710, 7301, 100, 3, 16
2026/09/29 15:07:52.492, 0, NVIDIA GeForce RTX 3060, 00000000:17:00.0, 12288, 10651, 72, 82, 169.70, 170.00, 1725, 7301, 100, 3, 16
2026/09/29 15:07:52.505, 1, NVIDIA GeForce RTX 3060, 00000000:65:00.0, 12288, 10724, 84, 91, 169.63, 170.00, 1702, 7301, 100, 3, 16
2026/09/29 15:07:54.548, 0, NVIDIA GeForce RTX 3060, 00000000:17:00.0, 12288, 10651, 72, 82, 170.01, 170.00, 1702, 7301, 100, 3, 16
2026/09/29 15:07:54.560, 1, NVIDIA GeForce RTX 3060, 00000000:65:00.0, 12288, 10724, 85, 91, 169.75, 170.00, 1717, 7301, 100, 3, 16
2026/09/29 15:07:56.608, 0, NVIDIA GeForce RTX 3060, 00000000:17:00.0, 12288, 10651, 72, 82, 169.61, 170.00, 1717, 7301, 100, 3, 16
2026/09/29 15:07:56.621, 1, NVIDIA GeForce RTX 3060, 00000000:65:00.0, 12288, 10724, 84, 91, 169.67, 170.00, 1717, 7301, 100, 3, 16
2026/09/29 15:07:58.666, 0, NVIDIA GeForce RTX 3060, 00000000:17:00.0, 12288, 10651, 72, 81, 169.81, 170.00, 1725, 7301, 100, 3, 16
2026/09/29 15:07:58.677, 1, NVIDIA GeForce RTX 3060, 00000000:65:00.0, 12288, 10724, 85, 91, 169.77, 170.00, 1725, 7301, 100, 3, 16
2026/09/29 15:08:00.725, 0, NVIDIA GeForce RTX 3060, 00000000:17:00.0, 12288, 10651, 73, 82, 169.80, 170.00, 1717, 7301, 100, 3, 16
2026/09/29 15:08:00.739, 1, NVIDIA GeForce RTX 3060, 00000000:65:00.0, 12288, 10724, 84, 91, 169.23, 170.00, 1695, 7301, 100, 3, 16
2026/09/29 15:08:02.788, 0, NVIDIA GeForce RTX 3060, 00000000:17:00.0, 12288, 10651, 72, 82, 169.61, 170.00, 1710, 7301, 100, 3, 16
2026/09/29 15:08:02.802, 1, NVIDIA GeForce RTX 3060, 00000000:65:00.0, 12288, 10724, 85, 91, 169.81, 170.00, 1732, 7301, 100, 3, 16
2026/09/29 15:08:04.849, 0, NVIDIA GeForce RTX 3060, 00000000:17:00.0, 12288, 10651, 72, 82, 169.51, 170.00, 1725, 7301, 100, 3, 16
2026/09/29 15:08:04.862, 1, NVIDIA GeForce RTX 3060, 00000000:65:00.0, 12288, 10724, 85, 91, 169.96, 170.00, 1695, 7301, 100, 3, 16
2026/09/29 15:08:06.910, 0, NVIDIA GeForce RTX 3060, 00000000:17:00.0, 12288, 10651, 72, 82, 169.85, 170.00, 1717, 7301, 100, 3, 16
2026/09/29 15:08:06.924, 1, NVIDIA GeForce RTX 3060, 00000000:65:00.0, 12288, 10724, 84, 91, 169.48, 170.00, 1702, 7301, 100, 3, 16
2026/09/29 15:08:08.972, 0, NVIDIA GeForce RTX 3060, 00000000:17:00.0, 12288, 10651, 72, 82, 169.65, 170.00, 1725, 7301, 100, 3, 16
2026/09/29 15:08:08.985, 1, NVIDIA GeForce RTX 3060, 00000000:65:00.0, 12288, 10724, 85, 91, 169.61, 170.00, 1702, 7301, 100, 3, 16
2026/09/29 15:08:11.031, 0, NVIDIA GeForce RTX 3060, 00000000:17:00.0, 12288, 10651, 72, 82, 169.87, 170.00, 1710, 7301, 100, 3, 16
2026/09/29 15:08:11.048, 1, NVIDIA GeForce RTX 3060, 00000000:65:00.0, 12288, 10724, 84, 91, 169.68, 170.00, 1717, 7301, 100, 3, 16
2026/09/29 15:08:13.097, 0, NVIDIA GeForce RTX 3060, 00000000:17:00.0, 12288, 10651, 72, 82, 170.21, 170.00, 1725, 7301, 100, 3, 16
2026/09/29 15:08:13.110, 1, NVIDIA GeForce RTX 3060, 00000000:65:00.0, 12288, 10724, 85, 91, 169.81, 170.00, 1702, 7301, 100, 3, 16
2026/09/29 15:08:15.161, 0, NVIDIA GeForce RTX 3060, 00000000:17:00.0, 12288, 10651, 72, 82, 168.65, 170.00, 1732, 7301, 100, 3, 16
2026/09/29 15:08:15.174, 1, NVIDIA GeForce RTX 3060, 00000000:65:00.0, 12288, 10724, 84, 91, 169.24, 170.00, 1702, 7301, 100, 3, 16
2026/09/29 15:08:17.220, 0, NVIDIA GeForce RTX 3060, 00000000:17:00.0, 12288, 10651, 72, 81, 170.14, 170.00, 1732, 7301, 100, 3, 16
2026/09/29 15:08:17.236, 1, NVIDIA GeForce RTX 3060, 00000000:65:00.0, 12288, 10724, 84, 91, 169.58, 170.00, 1717, 7301, 100, 3, 16
2026/09/29 15:08:19.283, 0, NVIDIA GeForce RTX 3060, 00000000:17:00.0, 12288, 10651, 72, 82, 169.90, 170.00, 1725, 7301, 100, 3, 16
2026/09/29 15:08:19.304, 1, NVIDIA GeForce RTX 3060, 00000000:65:00.0, 12288, 10724, 84, 91, 169.62, 170.00, 1702, 7301, 100, 3, 16
2026/09/29 15:08:21.356, 0, NVIDIA GeForce RTX 3060, 00000000:17:00.0, 12288, 10651, 72, 82, 169.84, 170.00, 1725, 7301, 100, 3, 16
2026/09/29 15:08:21.369, 1, NVIDIA GeForce RTX 3060, 00000000:65:00.0, 12288, 10724, 84, 91, 169.53, 170.00, 1695, 7301, 100, 3, 16
2026/09/29 15:08:23.416, 0, NVIDIA GeForce RTX 3060, 00000000:17:00.0, 12288, 10651, 72, 82, 170.01, 170.00, 1732, 7301, 100, 3, 16
2026/09/29 15:08:23.429, 1, NVIDIA GeForce RTX 3060, 00000000:65:00.0, 12288, 10724, 84, 91, 169.49, 170.00, 1695, 7301, 100, 3, 16
2026/09/29 15:08:25.474, 0, NVIDIA GeForce RTX 3060, 00000000:17:00.0, 12288, 10651, 72, 82, 169.68, 170.00, 1725, 7301, 100, 3, 16
2026/09/29 15:08:25.486, 1, NVIDIA GeForce RTX 3060, 00000000:65:00.0, 12288, 10724, 84, 91, 169.38, 170.00, 1710, 7301, 100, 3, 16
2026/09/29 15:08:27.535, 0, NVIDIA GeForce RTX 3060, 00000000:17:00.0, 12288, 10651, 72, 81, 169.70, 170.00, 1725, 7301, 100, 3, 16
2026/09/29 15:08:27.548, 1, NVIDIA GeForce RTX 3060, 00000000:65:00.0, 12288, 10724, 85, 91, 169.49, 170.00, 1717, 7301, 100, 3, 16
2026/09/29 15:08:29.589, 0, NVIDIA GeForce RTX 3060, 00000000:17:00.0, 12288, 10651, 72, 81, 169.95, 170.00, 1725, 7301, 100, 3, 16
2026/09/29 15:08:29.600, 1, NVIDIA GeForce RTX 3060, 00000000:65:00.0, 12288, 10724, 84, 91, 169.65, 170.00, 1717, 7301, 100, 3, 16
2026/09/29 15:08:31.642, 0, NVIDIA GeForce RTX 3060, 00000000:17:00.0, 12288, 10651, 72, 82, 169.92, 170.00, 1740, 7301, 100, 3, 16
2026/09/29 15:08:31.654, 1, NVIDIA GeForce RTX 3060, 00000000:65:00.0, 12288, 10724, 85, 91, 169.48, 170.00, 1717, 7301, 100, 3, 16
2026/09/29 15:08:33.693, 0, NVIDIA GeForce RTX 3060, 00000000:17:00.0, 12288, 34, 61, 82, 94.29, 170.00, 1927, 7501, 0, 3, 16
2026/09/29 15:08:33.703, 1, NVIDIA GeForce RTX 3060, 00000000:65:00.0, 12288, 10724, 85, 91, 169.63, 170.00, 1732, 7301, 100, 3, 16
2026/09/29 15:08:35.748, 0, NVIDIA GeForce RTX 3060, 00000000:17:00.0, 12288, 34, 55, 82, 41.15, 170.00, 307, 5001, 0, 3, 16
2026/09/29 15:08:35.769, 1, NVIDIA GeForce RTX 3060, 00000000:65:00.0, 12288, 875, 71, 92, 53.63, 170.00, 1935, 7501, 1, 3, 16
2026/09/29 15:08:37.815, 0, NVIDIA GeForce RTX 3060, 00000000:17:00.0, 12288, 34, 53, 79, 27.48, 170.00, 210, 5001, 0, 2, 16
2026/09/29 15:08:37.828, 1, NVIDIA GeForce RTX 3060, 00000000:65:00.0, 12288, 875, 65, 92, 31.18, 170.00, 315, 5001, 6, 3, 16
2026/09/29 15:08:39.878, 0, NVIDIA GeForce RTX 3060, 00000000:17:00.0, 12288, 34, 50, 73, 13.86, 170.00, 210, 810, 0, 1, 16
2026/09/29 15:08:39.894, 1, NVIDIA GeForce RTX 3060, 00000000:65:00.0, 12288, 875, 63, 89, 30.05, 170.00, 255, 5001, 4, 3, 16
2026/09/29 15:08:41.946, 0, NVIDIA GeForce RTX 3060, 00000000:17:00.0, 12288, 34, 49, 67, 10.15, 170.00, 210, 405, 0, 1, 16
2026/09/29 15:08:41.964, 1, NVIDIA GeForce RTX 3060, 00000000:65:00.0, 12288, 875, 61, 85, 16.00, 170.00, 210, 810, 0, 2, 16
2026/09/29 15:08:44.024, 0, NVIDIA GeForce RTX 3060, 00000000:17:00.0, 12288, 34, 48, 62, 9.33, 170.00, 210, 405, 0, 1, 16
2026/09/29 15:08:44.039, 1, NVIDIA GeForce RTX 3060, 00000000:65:00.0, 12288, 875, 60, 82, 15.31, 170.00, 210, 405, 22, 1, 16
2026/09/29 15:08:46.098, 0, NVIDIA GeForce RTX 3060, 00000000:17:00.0, 12288, 34, 47, 58, 9.22, 170.00, 210, 405, 0, 1, 16
2026/09/29 15:08:46.114, 1, NVIDIA GeForce RTX 3060, 00000000:65:00.0, 12288, 875, 59, 80, 14.86, 170.00, 247, 405, 25, 1, 16
2026/09/29 15:08:48.190, 0, NVIDIA GeForce RTX 3060, 00000000:17:00.0, 12288, 34, 46, 55, 9.53, 170.00, 210, 405, 0, 1, 16
2026/09/29 15:08:48.206, 1, NVIDIA GeForce RTX 3060, 00000000:65:00.0, 12288, 875, 58, 78, 14.48, 170.00, 225, 405, 12, 1, 16
2026/09/29 15:08:50.269, 0, NVIDIA GeForce RTX 3060, 00000000:17:00.0, 12288, 34, 45, 54, 9.32, 170.00, 210, 405, 0, 1, 16
2026/09/29 15:08:50.290, 1, NVIDIA GeForce RTX 3060, 00000000:65:00.0, 12288, 875, 57, 76, 14.03, 170.00, 240, 405, 24, 1, 16
2026/09/29 15:08:52.375, 0, NVIDIA GeForce RTX 3060, 00000000:17:00.0, 12288, 34, 44, 53, 9.32, 170.00, 210, 405, 0, 1, 16
2026/09/29 15:08:52.394, 1, NVIDIA GeForce RTX 3060, 00000000:65:00.0, 12288, 875, 56, 75, 14.42, 170.00, 285, 405, 23, 1, 16
2026/09/29 15:08:54.474, 0, NVIDIA GeForce RTX 3060, 00000000:17:00.0, 12288, 34, 44, 53, 9.24, 170.00, 210, 405, 0, 1, 16
2026/09/29 15:08:54.491, 1, NVIDIA GeForce RTX 3060, 00000000:65:00.0, 12288, 875, 55, 74, 14.35, 170.00, 225, 405, 23, 1, 16
2026/09/29 15:08:56.582, 0, NVIDIA GeForce RTX 3060, 00000000:17:00.0, 12288, 34, 43, 53, 9.17, 170.00, 210, 405, 0, 1, 16
2026/09/29 15:08:56.602, 1, NVIDIA GeForce RTX 3060, 00000000:65:00.0, 12288, 875, 54, 73, 13.98, 170.00, 225, 405, 25, 1, 16
